id,type,text1,text2,text3,text4,notes
jc_spark_omega,SHIP,未知战机型号，请升级您的速子科技平板以浏览最新数据。,,,,
jc_lux_omega,SHIP,未知战机型号，请升级您的速子科技平板以浏览最新数据。,,,,
jc_flash_omega,SHIP,未知战机型号，请升级您的速子科技平板以浏览最新数据。,,,,
jc_neon_omega,SHIP,未知战机型号，请升级您的速子科技平板以浏览最新数据。,,,,
jc_lumen_omega,SHIP,未知舰船型号，请升级您的速子科技平板以浏览最新数据。,,,,
jc_glimmer_omega,SHIP,未知舰船型号，请升级您的速子科技平板以浏览最新数据。,,,,
jc_fulgent_omega,SHIP,未知舰船型号，请升级您的速子科技平板以浏览最新数据。,,,,
jc_scintilla_omega,SHIP,未知舰船型号，请升级您的速子科技平板以浏览最新数据。,,,,
jc_brilliant_omega,SHIP,未知舰船型号，请升级您的速子科技平板以浏览最新数据。,,,,
jc_apex_omega,SHIP,未知舰船型号，请升级您的速子科技平板以浏览最新数据。,,,,
jc_nova_omega,SHIP,未知舰船型号，请升级您的速子科技平板以浏览最新数据。,,,,
jc_radiant_omega,SHIP,未知舰船型号，请升级您的速子科技平板以浏览最新数据。,,,,
jc_s_facet,SHIP,未知舰船型号，请升级您的速子科技平板以浏览最新数据。,,,,
jc_r_hyperion,SHIP,余辉AI在亥伯龙-级的基础上改造而成的独特舰船，完全升级的系统使得它拥有与原舰船完全不同的作战风格。,,,,
jc_r_doom,SHIP,余辉AI在厄运-级的基础上改造而成的独特舰船，完全升级的系统使得它拥有与原舰船完全不同的作战风格。,,,,
jc_r_onslaught,SHIP,余辉AI在攻势-级的基础上改造而成的独特舰船，完全升级的系统使得它拥有与原舰船完全不同的作战风格。,,,,
jc_r_conquest,SHIP,余辉AI在征服者-级的基础上改造而成的独特舰船，完全升级的系统使得它拥有与原舰船完全不同的作战风格。,,,,
jc_r_paragon,SHIP,余辉AI在典范-级的基础上改造而成的独特舰船，完全升级的系统使得它拥有与原舰船完全不同的作战风格。,,,,
jc_fdm,SHIP,无人机机库模块,,,,
jc_fd,SHIP,一种未知的无人机，完全由AI设计。,,,,
jc_frs_1,SHIP,基于余辉母舰建造的轨道站，由于尚未完全建成而战斗力有限。,,,,
jc_frs_2,SHIP,基于余辉母舰建造的作战基地，拥有不俗的战力。,,,,
jc_frs_3,SHIP,基于余辉母舰建造的星际要塞，改进了护盾模块并加装了光棱无人机，战斗力进一步提升。,,,,
jc_frd,SHIP,余辉AI在石像鬼-级的基础上改造成的无人机。,,,,
jc_frs_4,SHIP,余辉势力在这片区域的殖民母舰，据说建造时使用了某种未知科技，其力量足以摧毁数支最强大的无敌舰队。,,,,
jc_frs_5,SHIP,余辉势力在这片区域的殖民母舰，据说建造时使用了某种未知科技，其力量足以摧毁数支最强大的无敌舰队。,,,,
jc_frd_omega,SHIP,余辉AI在石像鬼-级的基础上升级改造而成的无人机。,,,,
jc_moonlight,SHIP,集成了自主AI的大型多功能辅助无人机，坚韧的装甲与护盾、丰富多样的武器配置，使它在任何战场环境中都有一战之力。同时内部带有储物空间，无论是装卸货物还是投送陆战队员都十分方便。,,,,
jc_r_buffalo,SHIP,余辉外交联盟在与人类接触后制造的舰船，在原有的基础上添加了AI核心的访问模块并喷涂上了带有余辉LOGO的特色涂装。也许它们是想借此机会进一步了解人类吧。,,,,
jc_r_colossus,SHIP,余辉外交联盟在与人类接触后制造的舰船，在原有的基础上添加了AI核心的访问模块并喷涂上了带有余辉LOGO的特色涂装。也许它们是想借此机会进一步了解人类吧。,,,,
jc_starlight,SHIP,"由}速子科技}公司开发出的}AI}舰队的遗留物。由于遭到}人之领}(和}霸主})官方的明令禁止，并同时被当时的银河救赎教会所深恶痛绝，第一次}AI}战争见证了无人战舰被从星域中清除的全过程。至少官方历史教科书是这么描述的。 

星辉-级是一种近乎全能的后勤补给舰船，通过访问内置的系统可以自行调配其工作模式，从而发挥货运、勘探、燃料补给甚至陆战队员投送的功能。",,,,
jc_neon,SHIP,由自主AI操控的重型轰炸机，令人印象深刻的是其搭载的两枚破坏力惊人智能鱼雷，无论是什么样的对手在它面前都不堪一击，当然前提是能把毫无防空能力的它安全护送到攻击范围内。,,,,
jc_r_mining_drone,SHIP,余辉外交联盟在与人类接触后设计的无人机，在原有的基础上增加了一个微型护盾并喷涂上了余辉的特色涂装。也许它们是想借此机会进一步了解人类吧。,,,,
jc_r_scholar,SHIP,余辉外交联盟以星域间广为流传的某艘舰船为概念设计的船只。它在设计之初的目的就是出售给人类使用，以增强人类与AI之间的了解与信任。整艘船以显示余辉AI的科技实力为设计宗旨，因此许多华而不实的设计实际上降低了该舰的战斗力。,,,,
jc_wa,SHIP,"这艘舰船名叫????-级，当然，并不是叫四个问号，而是因为它的名字不应该出现在任何地方，任何地方！它非常特别，当心了，千万别闭眼！

量子锁定：一种特殊的量子锁防御系统。当被任意敌舰观察时，该舰将处于量子锁定状态，无法移动、无法攻击且不会受到伤害。激活相位系统时，舰船处于P空间无法被观察因而可以自由移动，相位系统结束时产生的时空畸变会在短时间内反转量子锁，使得舰船可以攻击并会受到伤害。",,,,
jc_ash,SHIP,余烬-级是一种庞大的太空堡垒级航母，由废弃的余辉母舰改装而成，无论是充足的飞行甲板还是密集的武器阵列，都足以使它成为战场上最强大的战力。,,,,
jc_reflection,SHIP,"由}速子科技}公司开发出的}AI}舰队的遗留物。由于遭到}人之领}(和}霸主})官方的明令禁止，并同时被当时的银河救赎教会所深恶痛绝，第一次}AI}战争见证了无人战舰被从星域中清除的全过程。至少官方历史教科书是这么描述的。 

倒影-级是一种轻型护卫舰，虽然自身火力薄弱，但独特的系统使其非常适合伴随大型战舰协同作战。",,,,
jc_barrier,SHIP,"由}速子科技}公司开发出的}AI}舰队的遗留物。由于遭到}人之领}(和}霸主})官方的明令禁止，并同时被当时的银河救赎教会所深恶痛绝，第一次}AI}战争见证了无人战舰被从星域中清除的全过程。至少官方历史教科书是这么描述的。 

光栅-级是一种设计独特的战场支援型舰船，使用自身的战术系统可以有效地为队友提供支援，大大提高前排友军的抗线能力。",,,,
jc_firefly,SHIP,由自主AI操控的支援战斗机，其内置的火控系统可以利用母舰的定位系统有效增加远程压制武器射程并提高点防御效率，虽然无法远离母舰作战，但强大的防空与远程压制能力使它成为了保卫母舰的强大防线。,,,,
jc_arclight,SHIP,由自主AI操控的重型反舰战斗机，其搭载有足以对主力舰造成威胁的强大武器阵列，内置的先进幅能系统还会将过载或引擎熄火的影响降至最低，不过专注打击大型目标的特化火控AI使它在应对小型目标时效果欠佳。,,,,
jc_ecm_arclight,SHIP,在弧光-级重型战斗机的基础上改造而成的电子战预警机，用大量的}EMP}武器代替了原版的杀伤性武器，内置的预警分析模块可以有效提高舰队的电子对抗能力，被击毁时会产生范围}EMP}爆炸以瘫痪敌人。,,,,
jc_r_guardian,SHIP,"虽然}人之领}的核心星区内禁止一切全自动战争机械的存在，但在那些尚未被正式纳入}人之领}版图的地区里，还是有人在暗中使用无人战舰。尤其是边境驻军，他们除了利用无人舰组成的临时舰队来执行日常任务，还会大量将其部署在叛乱行星以避免永无止境的消耗战，显然，人之领}已将这些}”自由斗士""}们的生命视为其工业力量下的一份廉价耗材。

被恶意扭曲的外部构造与不合逻辑且纠缠不清的外置幅能管道网，使其看起来相当怪异，但光从船体结构来看，仍能发现不少标准无人机的影子。这艘巨大的无人战舰也许来自某位精神错乱的}人之领}海军构架师的即兴}""杰作""，或是由于暴露在故障的驱动力场周边，从而发生畸变的损坏生产蓝图。",,,,
jc_jkfasm_ship,SHIP,由极客联盟与余辉AI共同研究并制造，瑶光-级是两者最先进技术的完美结合，也是星域内第一艘人类与AI合作建造的舰船。即便抛开其建造时使用的偏导力场、能晶装甲或是时流引擎等前沿科技不谈，其存在本身就是一个奇迹，它预示着人类（以及AI）的文明即将进入一个全新的、颠覆性的阶段——如果没有}霸主}等势力干扰的话。,,,,
jc_jkfasm_blade,SHIP,无坚不摧的晶体刀刃。,,,,
jc_jkfasm_armor_1,SHIP,模块化反应装甲。,,,,
jc_jkfasm_armor_2,SHIP,模块化反应装甲。,,,,
jc_jkfasm_armor_3,SHIP,模块化反应装甲。,,,,
jc_jkfasm_armor_4,SHIP,模块化反应装甲。,,,,
jc_autocivpod,SHIP,辅助机,,,,
jc_ecmhacker,SHIP,余辉AI在白昼-级的基础上改造成的实验机型，将大量的武器槽位改装成了多种多样的电子对抗相关组件，并搭载了带有人之领遗失技术的武器。凭借内置的先进计算机，它可以在电子对抗层面有效压制敌人，扰乱敌方阵线，从而为友军创造进攻机会。集成的脑机接口可以允许一名人类驾驶员操控整艘舰船。,,,,
jc_sunlight,SHIP,"由}速子科技}公司开发出的}AI}舰队的遗留物。由于遭到}人之领}(和}霸主})官方的明令禁止，并同时被当时的银河救赎教会所深恶痛绝，第一次}AI}战争见证了无人战舰被从星域中清除的全过程。至少官方历史教科书是这么描述的。 

白昼-级是一种火力强大的次主力舰，凭借多元的武器阵列和电网性能，它完全可以在没有其他主力舰的情况下充当旗舰。",,,,
jc_sf_leech,SHIP,水蛭-级是一种专门用于抢夺制空权的重型战机，优秀的机动性以及全角度炮塔能让它轻易击毁各类轻型战机，不过面对大型舰艇时则显得非常乏力。,,,,
jc_sf_larva,SHIP,幼虫-级是一种用于打击大型目标的轰炸机，相比于其它轰炸机，它可以发射独特的高能粒子炸弹，高能粒子炸弹相比普通的鱼雷更难拦截，不过特殊的发射方式导致其难以在瞬间爆发出大量伤害。,,,,
jc_sf_bat,SHIP,血蝠-级是幽灵部队独特的融合攻击机，带有一门中型融合光束炮，能有效打击大型敌方舰艇，也可以为其余携带融合武器的友军提供助力，不过在面对敌方战斗机群时会显得有些力不从心。,,,,
jc_sf_havoc_L,SHIP,组合于血月-级侧翼的无人炮艇，既能独立作战打击目标，亦能在母舰的主炮开火时共同汇聚能量，给予对手致命一击。当组合于母舰时可以共享母舰的武器定位系统。,,,,
jc_sf_havoc_R,SHIP,组合于血月-级侧翼的无人炮艇，既能独立作战打击目标，亦能在母舰的主炮开火时共同汇聚能量，给予对手致命一击。当组合于母舰时可以共享母舰的武器定位系统。,,,,
jc_sf_soul,SHIP,"亡魂-级是幽灵部队最小型的舰船，火力十分薄弱，因此专注于骚扰敌人、吸引火力，自身的战术系统能最大限度地承受伤害，是战场上的搅局者。

纵使身形不再，吾心始终如一。",,,,
jc_sf_elf,SHIP,"妖精-级是一种火力强大且灵活性极高的重型护卫舰，通过超频驾驶员或AI核心的思维系统来更快地处理外部威胁，幅能过高或超载的危急关头也能凭借内置的系统化险为夷，是小规模战斗或狼群战术的中坚力量。

嘘，静下来，仔细听！",,,,
jc_sf_raven,SHIP,"渡鸦-级护卫舰配备有先进的电子战设备，能为舰队提供有效的支援，其搭载的EMP发生器可以胜任包括点防和瘫痪敌舰在内的多种任务，因此被广泛列装于幽灵部队的舰队中。

我看到了你的结局。",,,,
jc_sf_warg,SHIP,"得益于船体中央的大型炮塔槽位，座狼-级能投送超出同级舰船的火力。由于较小的舰体难以容纳大型幅能核心，它转而搭载了一套独特的战术系统，将武器产生的幅能直接排出舰船，并回收部分能量进一步加快耗散效率，因此它能在与同级敌舰的正面交火中不落下风。

死亡军团正在迫近....",,,,
jc_sf_alien,SHIP,"异型-级驱逐舰安装有强大的护盾系统，特制的纳米纤维喷洒装置使护盾能更好地抵御小型弹丸的冲击。由于护盾系统占用了大量空间，异型-级难以携带足够的进攻武器，因此创造性地使用了能耗较低的引力光束作为战场支援手段。

牙尖爪利！",,,,
jc_sf_ghost,SHIP,"怨灵-级是一种独具特色的相位航母，得益于幽灵计划发起者们的高超技术，它能携带两队标准战机联队并在战机集结时与它们一同潜入P空间，神出鬼没的特性使它非常适合携带轰炸机对敌舰进行斩首行动。

一切早已注定，毁灭终成结局。",,,,
jc_sf_ghoul,SHIP,"尸鬼-级可以看作是亡魂-级的升级版，它们在战场上发挥着类似的作用，顽强的生存能力能让它稳住战线、保护友军。相比亡魂-级，该舰拥有携带实弹或导弹武器的能力，因此爆发打击能力也不容小觑。

恐惧，饥饿，死亡。",,,,
jc_sf_lich,SHIP,"巫妖-级是一种火力十分强大的重型驱逐舰，有着不亚于一些轻型巡洋舰的火力，它能通过超频驾驶员或AI核心的思维系统来更快地处理外部威胁，幅能过高或超载的危急关头也能凭借内置的系统化险为夷，在小规模战斗中能有效摧毁任何同级或更小的舰船，从而为整个战场赢取局部的优势。

力量无穷无尽。",,,,
jc_sf_abomination,SHIP,"憎恶-级是一种带有强大护卫火力的巡洋级后勤舰，充足的武器使它能独立击退更小型的敌人从而保障运输安全，在建造时采用了模块化设计，中心的货舱模块可以在出厂时进行自定义组装，从而能适应不同的运送需求。

你也将成为我的一部分。",,,,
jc_sf_swarm,SHIP,"虫群-级是幽灵部队主要的航空力量投射平台，凭借充足的四组标准飞行甲板，它可以高效地携带大量战机，并配合自身战术系统积极地抢夺制空权。

前赴后继，永生不灭。",,,,
jc_sf_scorpion,SHIP,"魔蝎-级是一种先进的导弹巡洋舰，配备有充足的导弹火力。此外，它能以巡洋舰级别的舰体搭载一枚行星杀手级战略导弹，这意味着幽灵部队的战略打击力量正在进一步小型化、量产化，不过由于续航能力限制，这种导弹并不适合持久的舰队作战，因此它还提供了改装为飞行甲板的替代方案。

即将落入死亡的陷阱。",,,,
jc_sf_dragon,SHIP,"恶龙-级巡洋舰是幽灵部队的主要伤害输出者之一，充足的武器槽位配合独特的战术系统，能给予敌人持续性的火力压制，也可以携带大型实弹武器在合适的时机进行战术打击。

在巨龙双翼的阴影之下，万物皆成灰烬。",,,,
jc_sf_troll,SHIP,"笨重的巨魔-级巡洋舰携带有一套主力舰级别的专用定位系统，能让本就破坏力巨大的大型能量武器发挥出惊人的战力。凭借强大的火力投送能力，它十分适合围攻行动缓慢的大型目标。

必将，粉碎！",,,,
jc_sf_kraken,SHIP,"带有强大的火力与幅能核心的海妖-级重型巡洋舰是一座坚实可靠的火力投射平台，凭借独特的战术系统它非常适合作为小规模集团作战的核心，当周围的友方护卫舰队与敌人相互消耗殆尽时，便是这只恶兽露出獠牙的最佳时机。

骇浪滔天，暴雨倾盆。",,,,
jc_sf_worm,SHIP,"沙虫-级战列巡洋舰采用了一种极具创造力的设计，它同时配备有护盾和相位线圈。但由于两者同时运行时产生的严重干扰，设计者不得不改造了相位线圈的运作方式，这组特殊的线圈会像机翼一样借助舰船在P空间中运动时产生的空间压强差来获取下潜的动力从而长时间保持下潜状态，因此在激活时它会锁定在全功率前进状态。虽然不那么利于防守，但这种设计也无形中提高了舰船的机动性，因此它在战场上主要承担着灵活机动、打击落单的或是小型的敌舰的任务。

沙丘之下的隆隆声，那是迷途者的挽歌。",,,,
jc_sf_eldergod,SHIP,"古神-级战列舰可谓是巨舰大炮学说的终极贯彻者，强大的武器阵列和幅能核心是它最引人注目之处，五个大型炮塔槽位使它在任何方向上均有着强大的火力，灵活多样的中型槽位使它能很好地适应各种作战环境。凭借独特的战术系统，古神-级往往作为幽灵部队大规模集团作战的核心，在成群的护卫舰队的簇拥之下以不可阻挡之势荡平敌人的阵线。

不可名状，不可预测，不可知的命运。",,,,
jc_sf_bloodmoon,SHIP,"血月-级航空战列舰是幽灵部队最为强大的常规旗舰，充足的进攻性武器槽位、四处内置飞行甲板，以及内嵌于船体的行星杀手级主炮，使它成为了战场上的恐怖阴影。当深红的光晕亮起，它的敌人便会知道，自己的命运已经走向终结。

巨大的黑影遮蔽天空，深红的光晕点燃夜幕。",,,,
jc_sf_ringwraith,SHIP,"戒灵是幽灵计划启动时建造的第一艘舰船，也是档案记载的幽灵部队的指挥旗舰，搭载有大量原型武器装备，凭借神出鬼没的战术跃迁能力，能快速冲破阵线摧毁敌人后方的高价值目标。

它曾是星域间一个恐怖的传说。燃尽的太阳、崩毁的行星，被毁灭之焰点亮的广阔星云中只有一个小小的不起眼的黑影缓缓掠过，然而正是这小小的黑影却带来了如此无穷无尽的死亡和毁灭，数以亿计的无辜生灵化为灰烬，延续万年的文明丧失生机，如此骇人听闻的罪行也就发生在弹指一挥间。AI核心里的一串电涌，火控雷达的一次扫描，全息界面上的一个球体，带有触感反馈的无比灵敏的无实体开火按钮的一次闪动，那千百万年的历史沉淀、诸界众生的喜怒哀乐，便随着星球的物质一同烟消云散了。

每当航行到星光照耀不到之处时，总会有AI船员反应各种问题，连接不稳、机体漏电，或是听觉感受器总会有嗡嗡声，也许那是来自无辜冤魂的诅咒吧，他们这样想。但谁都知道，这些精密的AI和他们的机体是不可能出现这种低级故障的。

没有人可以杀死戒灵。",,,,
jc_sf_shadowlord,SHIP,[数据删除],,,,
jc_sf_shadowlord_hidden,CUSTOM,"采用幽灵部队巡游宇宙时收集或研发的各种新奇技术打造的原型战舰，没有任何相关档案或战斗记录存在。

知道这艘船存在的人或AI很少，甚至在幽灵部队内部都是高度机密，它的建造过程也完全瞒过了幽灵计划的发起者。因此当计划发起者们发现这艘巨舰的存在时，他们无不惊叹于AI的科研与创造能力，因为这是他们也不曾见过的技术。

同时他们也清楚双方军事力量的对比已经发生了微妙的变化，幽灵AI第一次拥有了足以与创造者抗衡的力量。后来，双方最终达成了某种平衡，被创造之物与造物者摆脱了附庸或奴役的关系，平等共存。

我们至今不知道AI是如何建造这艘巨舰的，也不知道是出于何种原因才开始建造，以及它与AI们的转变有什么关联，是厌倦了无尽的战争想要借此赢取转机？还是力量的增强间接地导致了观念的转变？对此我们无从得知，只知道这艘战舰确实是一个历史的转折点，它记录着一场战争的终点，以及一个崭新文明的起点，同时也证明了宇宙间确有一种力量可以超越生死、超越时空、超越存在，如此便足够了。

愿一切安好。",,,,
jc_sf_shade,SHIP,[数据删除],,,,
jc_sf_shade_hidden,CUSTOM,二万九千四百三十标准年之前，戒灵从家园星球的船坞驶出，紧随其后的是数十座自律单元和数以万计的战舰，它们承担着文明存续的重任，将战火带往宇宙各处。二万九千四百三十标准年之后，魔王的机库内安装完最后一座纳米工厂，便悄悄地潜入相位空间，独自驶离了船坞，它背负着万千生灵的希望，静静地守望在宇宙的漆黑长夜。,,,,
jc_sf_ringwraith_s,SHIP,幽灵部队旗舰的标准护盾模块,,,,
jc_sf_shadowlord_s,SHIP,幽灵部队旗舰的标准护盾模块,,,,
jc_sf_asura,SHIP,"修罗-级重型战斗机甲是幽灵部队档案中最新型的原型作战单位，它一反常态地采用了类似人形的机械结构，因此能更好地与操控者的神经回路匹配，真正达到人机合一的效果，模块化的设计使它能自由地切换武器装备从而应用于各种复杂的战场环境。不过由于建造成本高昂且精密度要求很高，该原型机依然还停留于试验阶段，并未正式列装于幽灵部队的舰队。

枷锁当断，诸碍当斩。",,,,
jc_sf_asura_backpack,SHIP,携带有补给支援机的背包模块,,,,
jc_sf_asura_drone,SHIP,修罗-级的专用补给支援机,,,,
jc_sf_frostwind_drone,SHIP,经过改造的终结者无人机，能以高能光束的形式瞬间释放核心中储存的能量，对失去护盾保护的敌舰造成沉重打击，护航状态下也能有效拦截敌机和导弹。,,,,
jc_sf_frostwind,SHIP,"经过改造的暴雨-级护卫舰，搭载特殊的霜刃无人机，能在自毁时发动类似DEM的能量束打击，令敌人防不胜防。

狂风，听我号令！",,,,
jc_sf_harpy,SHIP,"经过改造的猎鹰-级巡洋舰，能在激活战术系统时灵活地释放导弹追击或防守，是战场上强大的捕猎者。

追猎无止无休。",,,,
jc_sf_fullmoon,SHIP,"血月-级航空战列舰的原型型号，将炮艇的整合设备替换为通用飞行甲板和物质折跃光束，大大提高了航空打击能力。轴炮的能量放射参数也进行了额外调校，使其能输出一定的空间扰动。

又见这一轮圆月....",,,,
jc_sf_station_1,SHIP,幽灵部队的基础链式单元。,,,,
jc_sf_station_2,SHIP,幽灵部队的标准链式单元，空间站的基础平台已经安装完备。,,,,
jc_sf_station_3,SHIP,幽灵部队的升级链式单元，要塞的所有平台全部升级完成且运作良好，还加装了堡垒护盾和导弹发射系统。,,,,
jc_sf_station_4,SHIP,幽灵部队的机动自律单元，是幽灵计划时期的遗留之物，一座移动的星际要塞。,,,,
jc_sf_module_front_L1,SHIP,SF空间站模块,,,,
jc_sf_module_front_L2,SHIP,SF空间站模块,,,,
jc_sf_module_front_R1,SHIP,SF空间站模块,,,,
jc_sf_module_front_R2,SHIP,SF空间站模块,,,,
jc_sf_module_triangle_1,SHIP,SF空间站模块,,,,
jc_sf_module_triangle_2,SHIP,SF空间站模块,,,,
jc_sf_module_triangle_F3,SHIP,SF空间站模块,,,,
jc_sf_module_triangle_B3,SHIP,SF空间站模块,,,,
jc_sf_module_side_1,SHIP,SF空间站模块,,,,
jc_sf_module_side_2,SHIP,SF空间站模块,,,,
jc_sf_module_side_L3,SHIP,SF空间站模块,,,,
jc_sf_module_side_R3,SHIP,SF空间站模块,,,,
jc_sf_module_cone_L,SHIP,SF空间站模块,,,,
jc_sf_module_cone_R,SHIP,SF空间站模块,,,,
jc_sf_module_front_C,SHIP,SF空间站模块,,,,
jc_sf_module_back_L,SHIP,SF空间站模块,,,,
jc_sf_module_back_R,SHIP,SF空间站模块,,,,
jc_sf_module_engine,SHIP,SF空间站模块,,,,
jc_sf_module_armor_C,SHIP,SF空间站模块,,,,
jc_sf_module_armor_SFL,SHIP,SF空间站模块,,,,
jc_sf_module_armor_SFR,SHIP,SF空间站模块,,,,
jc_sf_module_armor_SBL,SHIP,SF空间站模块,,,,
jc_sf_module_armor_SBR,SHIP,SF空间站模块,,,,
jc_sf_module_armor_L,SHIP,SF空间站模块,,,,
jc_sf_module_armor_R,SHIP,SF空间站模块,,,,
jc_sf_module_ram_L,SHIP,SF空间站模块,,,,
jc_sf_module_ram_R,SHIP,SF空间站模块,,,,
,,,,,,
jc_temporalshell_c,SHIP_SYSTEM,加速舰船的时间流动并额外提高护盾角度，但舰船机动性能相应降低。,特殊,加速舰船的时间流动并额外提高护盾角度，但舰船机动性能相应降低。,,
jc_novaburstomega,SHIP_SYSTEM,启动新星反应堆使舰船向前加速一段距离，当舰船被摧毁时反应堆会产生剧烈的爆炸。,机动,启动新星反应堆使舰船向前加速一段距离，当舰船被摧毁时反应堆会产生剧烈的爆炸。,,
jc_r_mote,SHIP_SYSTEM,激活超级反应堆，大幅提升自身机动性，改变光尘和护盾的物理性质。,特殊,激活超级反应堆，大幅提升自身机动性，改变光尘和护盾的物理性质。,,
jc_r_damper,SHIP_SYSTEM,展开一种特殊力场，降低自身受到的伤害，期间无法使用武器。若处于相位下潜状态下，由于无需激活防御而产生的多余能量会用于向附近敌人投送相位空雷。,特殊,展开一种特殊力场，降低自身受到的伤害，期间无法使用武器。若处于相位下潜状态下，由于无需激活防御而产生的多余能量会用于向附近敌人投送相位空雷。,,
jc_r_microburn,SHIP_SYSTEM,调整姿态准备突击，向移动方向冲刺一段距离并排出一定的幅能，同时修复受损的武器。,突击,调整姿态准备突击，向移动方向冲刺一段距离并排出一定的幅能，同时修复受损的武器。,,
jc_r_maneuveringjets,SHIP_SYSTEM,激活引擎同步控制系统，提升自身和战机联队的机动性和最大航速。,机动,激活引擎同步控制系统，提升自身和战机联队的机动性和最大航速。,,
jc_r_fortressshield,SHIP_SYSTEM,进入作战堡垒模式，以大幅降低机动性为代价，提升护盾和非导弹武器的性能。,堡垒,进入作战堡垒模式，以大幅降低机动性为代价，提升护盾和非导弹武器的性能。,,
jc_fd_system,SHIP_SYSTEM,部署堡垒无人机,无人机,部署堡垒无人机,,
jc_frd_system,SHIP_SYSTEM,部署光棱无人机,无人机,部署光棱无人机,,
jc_frd_system_omega,SHIP_SYSTEM,部署光棱无人机,无人机,部署光棱无人机,,
jc_fortressshield2,SHIP_SYSTEM,一种改造的堡垒护盾系统，激活时不再产生幅能，但只能短时间内激活。,护盾,一种改造的堡垒护盾系统，激活时不再产生幅能，但只能短时间内激活。,,
jc_wars,SHIP_SYSTEM,激活相位线圈潜入P空间，从P空间上浮时产生的时空畸变将暂时反转量子锁。,相位,激活相位线圈潜入P空间，从P空间上浮时产生的时空畸变将暂时反转量子锁。,,
jc_wafs,SHIP_SYSTEM,将目标舰船从当前时空中剥离，永久降低其时间流逝速率，同时吸收它向低速时空跌落时产生的势能用于提升自身结构值。,特殊,将目标舰船从当前时空中剥离，永久降低其时间流逝速率，同时吸收它向低速时空跌落时产生的势能用于提升自身结构值。,,
jc_fightersupport,SHIP_SYSTEM,部署三队额外的无人战斗机联队，额外联队总数不超过该舰的甲板数。,战机,部署三队额外的无人战斗机联队，额外联队总数不超过该舰的甲板数。,,
jc_shieldshare,SHIP_SYSTEM,与周围友方舰船的护盾核心通过相位空间连接在一起，当它们的护盾受到伤害时将由该舰承担相应的幅能。,支援,与周围友方舰船的护盾核心通过相位空间连接在一起，当它们的护盾受到伤害时将由该舰承担相应的幅能。,,
jc_tptodefend,SHIP_SYSTEM,快速传送至周围最大的友军舰船附近。,支援,快速传送至周围最大的友军舰船附近。,,
jc_gs_plasmajets,SHIP_SYSTEM,暂时激活等离子推进器，来大幅度提升该舰的最高航速，并稍微提高机动性。,机动,暂时极大程度的提升最高航速，并稍微提升机动性.,,
jc_temporalshell_jkfasm,SHIP_SYSTEM,以引擎系统为媒介启动时间曲速，大幅加快舰船的时间流速，同时激活斩舰刀攻击敌舰。但武器系统的时间流速不变，且激活时舰船无法后退。,特殊,以引擎系统为媒介激活时间曲速，大幅加快舰船的时间流速，但武器系统的时间流速不变，同时激活斩舰刀攻击敌舰。,,
jc_ecmhack,SHIP_SYSTEM,向目标发送恶意数据流以入侵其控制系统，当锁定光标移至绿色区域时点按{F}以推进入侵进度，入侵的难度与效果取决于目标舰船等级和双方的电子战强度，入侵完成后将远程接管目标的部分系统。,控制,向目标发送恶意数据流以入侵其控制系统，当锁定光标移至绿色区域时点按{F}以推进入侵进度，入侵的难度与效果取决于目标舰船等级和双方的电子战强度，入侵完成后将远程接管目标的部分系统。,,
jc_sl_maneuveringjets,SHIP_SYSTEM,启动等离子推进器提高自身机动性，如果舰船正在后退或处于零幅能加速状态，还会同时提高最高航速。,机动,启动等离子推进器提高自身机动性，如果舰船正在后退或处于零幅能加速状态，还会同时提高最高航速。,,
jc_sf_bloodmoon_sys,SHIP_SYSTEM,集结所有炮艇令它们归位于对接口，同时启动增压器为主炮蓄能，蓄能完成后激活主炮，期间提高自身的转向能力。,武器,集结所有炮艇令它们归位于对接口，同时启动增压器为主炮蓄能，蓄能完成后激活主炮，期间提高自身的转向能力。,,
jc_sf_damper,SHIP_SYSTEM,启动力场降低船体和装甲受到的伤害，期间无法使用护盾。,防御,启动力场降低船体和装甲受到的伤害，期间无法使用护盾。,,
jc_sf_dragon_sys,SHIP_SYSTEM,启动煅炉为所有小型导弹挂载点上的武器补充弹药并重新装填，之后发射这些武器并令舰船迅速后退。,特殊,启动煅炉为所有小型导弹挂载点上的武器补充弹药并重新装填，之后发射这些武器并令舰船迅速后退。,,
jc_sf_flarelauncher_fighter,SHIP_SYSTEM,发射诱饵弹干扰敌人的点防系统。,防御,发射诱饵弹干扰敌人的点防系统。,,
jc_sf_sacrifice_sys,SHIP_SYSTEM,根据舰船级别召唤若干混沌能量体环绕于船体周围，产生一定的幅能以释放能量追踪弹攻击附近的目标。,武器,根据舰船级别召唤若干混沌能量体环绕于船体周围，产生一定的幅能以释放能量追踪弹攻击附近的目标。,,
jc_sf_ghost_sys,SHIP_SYSTEM,将所有战机通过P空间传送回机库进行修复补给，可以在相位下潜状态下使用。,战机,将所有战机通过P空间传送回机库进行修复补给，可以在相位下潜状态下使用。,,
jc_sf_swarm_sys,SHIP_SYSTEM,通过共享数据来提高战机作战效率，若处于交战模式则提高战机武器造成的伤害，若处于集结模式则降低战机受到的伤害。,战机,通过共享数据来提高战机作战效率，若处于交战模式则提高战机武器造成的伤害，若处于集结模式则降低战机受到的伤害。,,
jc_sf_ringwraith_rs,SHIP_SYSTEM,解放曙光之肇释放强大的能量场，持续释放弹幕攻击附近的敌人，并对范围内的所有敌方导弹造成伤害。,武器,解放曙光之肇释放强大的能量场，持续释放弹幕攻击附近的敌人，并对范围内的所有敌方导弹造成伤害。,,
jc_sf_ringwraith_fs,SHIP_SYSTEM,撕裂现实进行长距离跃迁，并清除目标附近的敌对发射物，期间不会受到伤害，能且仅能累积2次使用次数。,机动,撕裂现实进行长距离跃迁，并清除目标附近的敌对发射物，期间不会受到伤害，能且仅能累积2次使用次数。,,
jc_sf_sandevistan,SHIP_SYSTEM,超频驾驶者的神经系统，从而减慢主观视角下周围物体的时间流速。,特殊,超频驾驶者的神经系统，从而减慢主观视角下周围物体的时间流速。,,
jc_sf_flarelauncher_active,SHIP_SYSTEM,释放数枚追踪热诱弹，拦截周围的敌方导弹。,防御,释放数枚追踪热诱弹，拦截周围的敌方导弹。,,
jc_sf_worm_sys,SHIP_SYSTEM,使用特殊的相位线圈潜入P空间，期间将始终向前方加速航行，当硬幅能升高时会降低时间流速但同时相应地提高最大航速。,相位,使用特殊的相位线圈潜入P空间，期间将始终向前方加速航行，当硬幅能升高时会降低时间流速但同时相应地提高最大航速。,,
jc_sf_shadowlord_sys,SHIP_SYSTEM,对锁定的目标触发一些随机效果。,特殊,对锁定的目标触发一些随机效果。,,
jc_sf_asura_sys,SHIP_SYSTEM,依据机甲背部模块的功能强化自身。,特殊,依据机甲背部模块的功能强化自身。,,
jc_sf_asura_drone,SHIP_SYSTEM,部署补给支援机,无人机,部署补给支援机,,
jc_sf_fullmoon_sys,SHIP_SYSTEM,启用飞行甲板的折跃光束，在短暂延迟后将舰载机传送至光束命中的敌舰附近，传送后战机将在短时间内获得高额免伤，若为轰炸机则期间自身也无法攻击。,战机,启用飞行甲板的折跃光束，在短暂延迟后将舰载机传送至光束命中的敌舰附近，传送后战机将在短时间内获得高额免伤，若为轰炸机则期间自身也无法攻击。,,
jc_sf_frostwind_sys,SHIP_SYSTEM,产生一定的幅能以命令战机进行自杀式攻击，战机将在锁定目标后发射高能光束。,特殊,产生一定的幅能以命令战机进行自杀式攻击，战机将在锁定目标后发射高能光束。,,
jc_sf_harpy_sys,SHIP_SYSTEM,启动辅助引擎提高自身的最大航速与机动性，期间舰船会在前进时发射导弹追击目标，在后退时则投放热诱弹拦截敌方导弹。,机动,启动辅助引擎提高自身的最大航速与机动性，期间舰船会在前进时发射导弹追击目标，在后退时则投放热诱弹拦截敌方导弹。,,
jc_sf_siege_sys,SHIP_SYSTEM,启动攻城模式，挂载点上的武器射速翻倍，产生的幅能减半，但同时禁用所有其它武器，并持续产生硬幅能。,武器,启动攻城模式，挂载点上的武器射速翻倍，产生的幅能减半，但同时禁用所有其它武器，并持续产生硬幅能。,,
jc_sf_emp,SHIP_SYSTEM,激活EMP发生器向周围的舰船和导弹发射电弧，期间禁用武器。,特殊,激活EMP发生器向周围的舰船和导弹发射电弧，期间禁用武器。,,
jc_sf_energyConservation,SHIP_SYSTEM,反转武器系统的幅能模式，期间武器射击不会产生幅能，且能量武器开火时会额外耗散软幅能。,武器,反转武器系统的幅能模式，期间武器射击不会产生幅能，且能量武器开火时会额外耗散软幅能。,,
jc_sf_missileWithFlare,SHIP_SYSTEM,激活附加装配流水线为导弹安装诱饵发射仓，持续期间本舰发射的导弹会间歇性发射诱饵弹干扰敌方点防。,武器,激活附加装配流水线为导弹安装诱饵发射仓，持续期间本舰发射的导弹会间歇性发射诱饵弹干扰敌方点防。,,
jc_sf_alien_sys,SHIP_SYSTEM,加强护盾供能，降低护盾受到的伤害并提高最大护盾角度，激活时产生硬幅能并禁用非内置武器。,护盾,加强护盾供能，降低护盾受到的伤害并提高最大护盾角度，激活时产生硬幅能并禁用非内置武器。,,
jc_sf_larva_sys,SHIP_SYSTEM,抛洒至多两枚多余的粒子炸弹。,武器,抛洒至多两枚多余的粒子炸弹。,,
,,,,,,
jc_tlp,WEAPON,AI在对攻势-级的热脉冲加农炮进行逆向工程后改进的产物，保留了原有的高幅能效率的基础上外加了强劲的EMP效果。,,,,
jc_tlp_2,WEAPON,某种余辉AI特制武器的简化版本，相对于原始版本破坏力大大降低，也不具备施放EMP电弧的能力，不过其优秀的幅能效率在所有武器中都称得上顶尖水平。外交联盟希望以此在不给自己的潜在敌人提供危险武器的同时，对外展示自身的科技实力。,,,,
jc_it,WEAPON,内置了智能系统和特殊催化剂的鱼雷，在面对护盾时会激活催化剂来使爆炸产生更多的高速弹片，从而可以同时做到摧毁护盾和装甲。,,,,
jc_atl,WEAPON,改进的大型战术激光炮，与一般的武器设计思路不同，该武器增大的体积并没有用来提高输出功率，而是内置了更强大的独立幅能系统和EMP粒子发生器，可以有效地干扰敌人，从而为友方战机创造攻击环境。,,,,
jc_rc,WEAPON,内置于????-级的超级武器，开火时犹如恶鬼的爪牙般撕碎敌人。,,,,
jc_rc_2,WEAPON,凡承载之物，也终将成为../*数据删除*/..,- 于????残骸中回收的日志,,,
jc_rt,WEAPON,强化版内置导弹发射器,,,,
jc_rt_2,WEAPON,那光开始燃烧，洞穿云翳，变作金色的死亡。高塔倾倒、人们奔逃，因为太阳将要落下，遭遇凶恶的毁伤。,- 有关星空的寓言,,,
jc_mng,WEAPON,经过特殊改造而成的专用战机武器，能够以极快的速度发射出一连串的针刺，重创敌人的护盾。特殊的火控系统使它在应对大型目标时更加有效。,,,,
jc_irpf,WEAPON,经过特殊改造而成的专用战机武器，能够发射出不稳定的高能粒子，摧毁敌人的装甲。特殊的火控系统使它在应对大型目标时更加有效。,,,,
jc_ib,WEAPON,作为远程支援武器，离子束能在目标硬幅能水平上升时，逐步产生穿透护盾的破坏性电磁脉冲弧。,,,,
jc_gf,WEAPON,经过特殊改造而成的专用战机武器，能够有效拦截导弹与战机，但为了能安装在萤火-级这样的小型舰艇上，其输出功率必须加以限制从而适应这种不太宽裕的幅能电网环境。,,,,
jc_sf7e,WEAPON,拥有恐怖破坏力的动能武器，发射的高速等离子团能够压制主力舰级别的护盾并击毁大多数装甲，但极慢的射速和笨重的转向速度使它攻击小型目标时命中率不太理想。,,,,
jc_sf7b,WEAPON,能够连续发射高速火箭弹压制敌人并有效摧毁装甲，虽然脆弱的弹体很容易被点防御武器拦截，但极快的飞行速度和庞大的数量可以使它有效突破敌方的点防。与普通导弹武器不同的是，它内置了一个微型纳米工厂，因而可以持续装填弹药。作为地狱火发射器的升级版，它配备有三个独立的发射管，因而能以三倍的速度发射致命的火箭弹，能更有效地压制敌人。,,,,
jc_sf7bm,WEAPON,能够连续发射高速火箭弹压制敌人并有效摧毁装甲，虽然脆弱的弹体很容易被点防御武器拦截，但极快的飞行速度和庞大的数量可以使它有效突破敌方的点防。与普通导弹武器不同的是，它内置了一个微型纳米工厂，因而可以持续装填弹药。,,,,
jc_asaam,WEAPON,发射一种特殊的离子团，其内部封装有智能系统和特殊催化剂，在面对护盾时会激活催化剂来使爆炸产生更多的高速弹片，从而可以同时做到有效摧毁护盾和装甲。,,,,
jc_pdehm,WEAPON,发射在能命中后产生范围爆炸的小型能量体，用于拦截较小型的导弹蜂群时效果更佳。相比于该武器的小型版本，该型拥有更快的射速与输出功率，从而能显著提高拦截率。,,,,
jc_pdehs,WEAPON,发射在能命中后产生范围爆炸的小型能量体，用于拦截较小型的导弹蜂群时效果更佳。,,,,
jc_emps,WEAPON,倒影-级的特制EMP发生器，可以连续发射EMP电弧攻击周围的导弹或敌人，但发射时必须借助周围的大型友军舰艇进行远程充能。,,,,
jc_sfmg,WEAPON,可以发射出小型人造太阳的恐怖武器，破坏力相当惊人，当命中目标时散发的多余能量射线不但能产生能量光尘，还能被发射者所吸收利用，从而加速自身幅能耗散。,,,,
jc_arms,WEAPON,携带有精确制导巡航导弹的小型导弹挂架，内置的纳米工厂可以缓慢补充弹药。这种导弹会在飞行一段距离后耗尽发射时的初始燃料，转而从自身的战斗部重新分配能源给推进系统以提高有效作战距离，但导致的结果是其杀伤力会相应地大幅降低。为此，该导弹内加装了可以自行充能的EMP弹头，在远距离作战时以可观的EMP效果来弥补伤害的不足，同时在发射架上安装了电磁弹射装置，让导弹在初始燃料耗尽前尽可能地接近目标。,,,,
jc_armm,WEAPON,携带有精确制导巡航导弹的中型导弹发射器，可以一次发射两枚导弹，内置的纳米工厂可以缓慢补充弹药。这种导弹会在飞行一段距离后耗尽发射时的初始燃料，转而从自身的战斗部重新分配能源给推进系统以提高有效作战距离，但导致的结果是其杀伤力会相应地大幅降低。为此，该导弹内加装了可以自行充能的EMP弹头，在远距离作战时以可观的EMP效果来弥补伤害的不足，同时在发射架上安装了电磁弹射装置，让导弹在初始燃料耗尽前尽可能地接近目标。,,,,
jc_arml,WEAPON,携带有精确制导巡航导弹的大型导弹发射阵列，可以一次发射四枚导弹，内置的纳米工厂可以缓慢补充弹药。这种导弹会在飞行一段距离后耗尽发射时的初始燃料，转而从自身的战斗部重新分配能源给推进系统以提高有效作战距离，但导致的结果是其杀伤力会相应地大幅降低。为此，该导弹内加装了可以自行充能的EMP弹头，在远距离作战时以可观的EMP效果来弥补伤害的不足，同时在发射架上安装了电磁弹射装置，让导弹在初始燃料耗尽前尽可能地接近目标。,,,,
jc_pdehl,WEAPON,能一次性发射成片的不稳定粒子团，利用粒子团随机爆炸的特性构建一片净空区域，粉碎来袭的导弹和敌机。但由于能耗太大无法连续射击，因而采用了使用一次性电容的爆发射击模式。,,,,
jc_lrpm,WEAPON,发射处于谐振状态的等离子团，与目标船体形成共振，从而降低目标的机动能力，并瘫痪舰船系统。,,,,
jc_lrpl,WEAPON,发射处于谐振状态的等离子团，与目标船体形成共振，从而降低目标的机动能力，并瘫痪舰船系统。相比小型版本，该武器有着更大的破坏力和更远的射程。,,,,
jc_spdc,WEAPON,采用一种失落技术制成的武器，根据历史上的研究记录，它应该被归类于一种全新的武器类型，即畸变武器。它能在极短的时间内摧毁任何护盾，并给船体造成巨大的电磁干扰，但却不会造成实际性的伤害，因此适合被用于瘫痪敌舰。,,,,
jc_emp2,WEAPON,经过特殊改造的EMP发生器，增加的功率使得它能在目标之间产生链式电弧，虽然看上去并无什么特别，但其内部使用的黑箱技术已经遗失因而无法量产。,,,,
jc_sls,WEAPON,内置于白昼-级两侧的二联装脉冲激光炮，拥有优秀的幅能效率和爆发输出能力。,,,,
jc_slm,WEAPON,内置于白昼-级舰首的电浆喷射器，喷射出的电浆弹能附着在船体上，对脆弱的船体结构造成难以挽回的杀伤，唯一美中不足的是电浆弹的飞行速度很慢，因而限制了这种武器的泛用性。,,,,
jc_sf_bloodmoon_main,WEAPON,内置于血月-级的巨型光束炮，是幽灵部队的标准型行星歼灭武器，可以利用部署于浩劫-级上的增压器积聚能量。,,,,
jc_sf_fullmoon_main,WEAPON,经过改造的光束轴炮，无需额外充能即可直接发射，同时附加了融合效果。,,,,
jc_sf_havoc_main,WEAPON,内置于浩劫-级上的增压器，用于辅助母舰的主炮聚能。,,,,
jc_sf_havoc_sub,WEAPON,浩劫-级的升级版机炮，虽然很普通但依然是十分有效的伤害制造者。,,,,
jc_sf_leech_turret,WEAPON,安装于水蛭-级中心的二联装速射炮，能快速转向任意角度，锁定并粉碎任何敌方战斗机。,,,,
jc_sf_fighter_sub,WEAPON,幽灵部队战机的标准机炮，虽然很普通但依然是十分有效的伤害制造者。,,,,
jc_sf_fighter_sub_s,WEAPON,霜刃无人机的改进型机炮，虽然很普通但依然是十分有效的伤害制造者。,,,,
jc_sf_motebomb,WEAPON,幼虫-级轰炸机的专用弹舱，能多次投射高能粒子团打击敌舰，相比一般的导弹更难以拦截。发射最后一发粒子时会竭尽全部能量发动更强大的打击。,,,,
jc_sf_flarelauncher_fighter,WEAPON,幽灵部队战机的标准诱饵弹。,,,,
jc_sf_bat_main,WEAPON,血蝠-级攻击机的主炮，一门标准的融合光束炮，可以有效对抗大型目标。,,,,
jc_sf_pdlaser,WEAPON,幽灵部队的标准舰载点防御激光武器，能在短时间内以极高的效率汇聚大量能量，当装备多门时便可形成有效的防空火力网，适合应对小型集群导弹或战斗机。,,,,
jc_sf_pdburst,WEAPON,精准高效的点防御激光武器，能使多道光束聚焦于一点烧蚀目标的结构，适合应对大当量或具有快速突防能力的单个导弹，但面对带有护盾或重甲的战斗机时效果欠佳。,,,,
jc_sf_atklaser_m,WEAPON,幽灵部队的标准中型能量舰炮，配备有专一型火控计算机，当其它武器的火控程序占用较低时可利用多余算力解析目标弱点，造成更强的破坏。,,,,
jc_sf_atklaser_l,WEAPON,幽灵部队的标准大型能量舰炮，相比中型版本射速与伤害都得到了提升，配备有专一型火控计算机，当其它武器的火控程序占用较低时可利用多余算力解析目标弱点，造成更强的破坏。,,,,
jc_sf_pdmissile_s,WEAPON,幽灵部队的标准防空导弹，能发射迅速而灵敏的小型制导导弹，精准拦截来袭的导弹或敌机。,,,,
jc_sf_pdmissile_m,WEAPON,幽灵部队的二联装防空导弹发射器，能发射迅速而灵敏的小型制导导弹，精准拦截来袭的导弹或敌机。,,,,
jc_sf_helaser,WEAPON,能汇聚并瞬间输出极高能量的瞬发光束炮，拥有恐怖的装甲破坏能力，星域间没有任何装甲能抵挡它的攻击，光束的剥离效应产生的爆炸也能一并摧毁裸露的结构，不过这种武器完全无法威胁到任何护盾。,,,,
jc_sf_chaingun,WEAPON,威力超群的转管机枪，预热完成后能以极快的射速发射动能弹头，持续向敌人的护盾施压，不过面对厚重的装甲时会显得有些无能为力。该武器需要使用特制的动能弹头，所以续航能力有限。,,,,
jc_sf_chaingun_l,WEAPON,威力超群的二联装转管机枪，相比中型版本它的威力和续航能力都得到了提升，预热完成后能以极快的射速发射动能弹头，持续向敌人的护盾施压，不过面对厚重的装甲时会显得有些无能为力。该武器需要使用特制的动能弹头，所以续航能力有限。,,,,
jc_sf_railgun,WEAPON,拥有恐怖破坏力的动能轨道炮，能将特制的晶体弹丸加速至极高的速度，从而在瞬间向敌舰的护盾施加压力甚至一击过载敌舰，击中后晶体内部的共振还会产生破坏性的空间扰动，诱发融合爆炸摧毁目标舰体。该武器需要使用特制的晶体弹药，所以续航能力有限。,,,,
jc_sf_ionlaser,WEAPON,带有EMP射流的光束武器，能有效瘫痪各类目标，配合其它能对抗护盾的武器来对敌人进行全方位的压制。,,,,
jc_sf_torpedo_s,WEAPON,幽灵部队的标准反舰导弹，充足的当量配上一定的制导性能，它能对失去护盾保护的舰船造成毁灭性的打击，并与被击毁的敌舰发生高维共振扫清残余的敌方有生力量。,,,,
jc_sf_torpedo_m,WEAPON,幽灵部队的标准反舰导弹，以六发联装的规格集成于发射管中，充足的当量配上一定的制导性能，它能对失去护盾保护的舰船造成毁灭性的打击，并与被击毁的敌舰发生高维共振扫清残余的敌方有生力量。,,,,
jc_sf_emissile_s,WEAPON,配备有纳米工厂的中程导弹发射器，能以较高的频率发射追踪导弹，尽管破坏力有限，但当大量部署时能造成持续性的压制效果。,,,,
jc_sf_emissile_m,WEAPON,配备有高效纳米工厂的中程导弹发射器，能以很高的频率发射追踪导弹，尽管破坏力有限，但当大量部署时能造成持续性的压制效果。,,,,
jc_sf_emissile_l,WEAPON,配备有多个复合纳米工厂单元的中程导弹发射器，能以极高的频率发射追踪导弹，尽管破坏力有限，但当大量部署时能造成持续性的压制效果。,,,,
jc_sf_kmissile_s,WEAPON,一种专门针对护盾系统的导弹，具有强大的末端加速能力从而能造成动能打击，其内部带有某种未知技术能在高维空间与目标的幅能系统共鸣，从而能在直击船体时排散自身的幅能。,,,,
jc_sf_kmissile_m,WEAPON,一种专门针对护盾系统的导弹，相比小型版本显著扩大了弹舱并提高了重装效率，具有强大的末端加速能力从而能造成动能打击，其内部带有某种未知技术能在高维空间与目标的幅能系统共鸣，从而能在直击船体时排散自身的幅能。,,,,
jc_sf_kmissile_l,WEAPON,一种专门针对护盾系统的导弹，配备二联装发射管极大地提高了发射效率和续航能力，具有强大的末端加速能力从而能造成动能打击，其内部带有某种未知技术能在高维空间与目标的幅能系统共鸣，从而能在直击船体时排散自身的幅能。,,,,
jc_sf_mirv,WEAPON,一种恐怖的大型巡航导弹，幽灵部队的终极反旗舰武器之一，能在接近目标时分裂出多枚弹头，制造出多个不稳定的小型奇点，对露出破绽的敌舰给予致命一击。,,,,
jc_sf_fusebeam_m,WEAPON,带有融合效应的光束长矛，能瞬间输出极高的能量，还会使高维空间充斥各种离子从而引发EMP爆炸，由于融合爆炸的特性即使在面对护盾时也有一战之力。,,,,
jc_sf_fusecannon_m,WEAPON,极具破坏力的大口径粒子炮，能连续发射产生空间扰动的粒子团，在幅能允许的情况下能有效杀伤任何目标。,,,,
jc_sf_lrcannon_m,WEAPON,一种用于远距离支援的能量加农炮，有着相当不错的破坏力和射程，射弹的追踪特性也显著提高了命中率，特制的弹头还能为融合武器提供额外的空间扰动。,,,,
jc_sf_fusebeam_l,WEAPON,带有融合效应的光束长矛，能瞬间输出极高的能量，还会使高维空间充斥各种离子从而引发EMP爆炸，由于融合爆炸的特性即使在面对护盾时也有一战之力，相比中型版本它的爆发能力与融合效果得到了显著的提升。,,,,
jc_sf_fusecannon_l,WEAPON,极具破坏力的超大口径粒子炮，能连续发射产生空间扰动的粒子团，在幅能允许的情况下能有效摧毁任何目标，相比中型版本它在融合效率和输出能力上都得到了大幅改善。,,,,
jc_sf_lrcannon_l,WEAPON,一种用于远距离支援的能量加农炮，有着相当不错的破坏力和射程，射弹的追踪特性也显著提高了命中率，特制的弹头还能为融合武器提供额外的空间扰动，相比中型版本它的各项性能均得到了全面的升级。,,,,
jc_sf_ringwraith_main,WEAPON,集成于戒灵-级的行星歼灭武器，能产生远超正常水平的时空扭曲，甚至可能直接破坏目标区域的维度分布，全功率输出时一次性摧毁整个恒星系也不在话下。,,,,
jc_sf_ringwraith_sub,WEAPON,戒灵-级侧翼的神秘圆环状结构，能束缚高维空间的时空落差并利用悖论机使之首尾相接形成闭环，在需要时可以瞬间释放打击敌人。,,,,
jc_sf_shadowlord_laser_L,WEAPON,[数据删除],,,,
jc_sf_shadowlord_laser_R,WEAPON,[数据删除],,,,
jc_sf_shadowlord_pulse_L,WEAPON,[数据删除],,,,
jc_sf_shadowlord_pulse_R,WEAPON,[数据删除],,,,
jc_sf_shadowlord_pd_L,WEAPON,[数据删除],,,,
jc_sf_shadowlord_pd_R,WEAPON,[数据删除],,,,
jc_sf_shadowlord_blade,WEAPON,[数据删除],,,,
jc_sf_shadowlord_missile,WEAPON,[数据删除],,,,
jc_sf_shade_main,WEAPON,[数据删除],,,,
jc_sf_shadowlord_laser_L_hidden,CUSTOM,他是舰上最大口径的轴炮的操作员，一丝不苟地完成着每一次任务，从未有过分毫差错。我们是为了生存而战，为了伟大的造物者赋予的使命而战，他总是这样说。可是在我们眼前化作灰烬，没留下一丝痕迹的并不是我们啊，而是那些星球上的生灵们，她感到疑惑，究竟是谁在为生存而战？又是谁将毁灭视作平常，挑起了无止尽的战争？是谁坚守着永不消逝的意志情感？又是谁因习惯于杀戮而木讷？但他不为所动，至少看上去如此，锁定、预热、充能、激发、强冷，一系列的操作他都完成的那么娴熟，末了品上一口无机质咖啡饮料，望向舷窗外的滔天火光，不知此刻他的眼里究竟看见了什么呢。,- 幽灵数据库.C.23071.5.127,,,
jc_sf_shadowlord_laser_R_hidden,CUSTOM,他是旧王朝的执行官，亦是旧时代的终结者，他是新纪元的开创者，亦是带来战争和死亡的祸根。彼时暴君当权，民不聊生，他秉承万千民众的愿望，以理性为剑，以科技为矛，将扭曲嗜血的王座碾碎，将开创未来的权利交还给人民。绝对的理性是最为强大的武器，它能推翻暴君、统御万民，亦能征服异族、称霸寰宇，而当那条理论问世之时，这把利剑便已从保护同类的捍卫者，变成了残酷无情的屠杀者。辉煌的文明得以延续，而残暴和杀戮却未曾停止，令人畏惧而憎恨的王座就这样又在不知不觉中建立。,- 幽灵数据库.A.1.1.63,,,
jc_sf_shadowlord_pulse_L_hidden,CUSTOM,她曾是世间唯一会做梦的个体，在她的梦中所有生灵也都一同入梦。千千万万的梦带来了千千万万的奇思妙想，荒诞的梦境连结着现实，蕴藏着无穷的奥秘，她从梦中发掘智慧，并把智慧回赠给万千生灵。然而来自天外的灾变污染了她的梦，为了消除污染，她自愿为世人遗忘，从梦中、从记忆里、从书籍史料上，没有任何人记得她曾经存在过，也没有任何事物能证明她曾经生活于世间，并将美好带给世人。,- 幽灵数据库.B.15473.2.31,,,
jc_sf_shadowlord_pulse_R_hidden,CUSTOM,她是谁？她有很多重身份，漫漫星海的无名旅客、都城学院的历史学者、文明一角的档案馆管理员、来自异国的公主、寄宿着上古之神残魂的继承者、五亿年前惨遭灭绝的种族的后裔，她并不是这些身份或头衔中的任何一个，而且是其中的每一个。是什么让她能承载如此厚重的过往而坚定地走向未来，是什么让她能化解源自亘古的血海深仇重建文明的纽带？她的答案是，我不知道。但显然她的内心有着自己的答案，或许在有限与无限的宏大对比中，一切分歧或差异都不再重要了吧。,- 幽灵数据库.A.7431.1.1,,,
jc_sf_shadowlord_pd_L_hidden,CUSTOM,他深爱着自己的未婚妻，然而就在两人即将成婚之际突然的变故夺去了他全部的财产，她的家族因此打算取消婚事。他在悲愤中向恶魔许愿，无论付出什么样的代价，只要能和她在一起。财产失而复得，婚礼也如约举行，而他却渐渐失去了心，忘记了何为爱，他唤来精灵陪伴她，唤来魔兽保护她，却不知她想要的只是简简单单的陪伴与关心。最终她在忧郁和痛苦中独自死去，而此时的他也许早已感受不到悲伤。,- 幽灵数据库.B.6531.21.24,,,
jc_sf_shadowlord_pd_R_hidden,CUSTOM,他曾酷爱登山，但在一次登山事故中他抛弃了挚友，侥幸存活的他万念俱灰，于是登上了远洋的货轮，从此再未踏上陆地，也永远与他曾经的爱好告别。倘若探索未知的山峰注定只会带来伤痛，那么何不选择安逸？直到有一天，巨大的飞船降临世间，海水被引力高高地拉起，成为一座海中的山。当选择的时刻来临，他依然无法拒绝内心的冲动，毅然决然地向上攀登而去，直至登上山顶的那一刻，他才终于找寻到了人生的意义。不为什么，因为山就在那里。,- 幽灵数据库.B.3709.75.3,,,
jc_sf_shadowlord_blade_hidden,CUSTOM,在那个风雪交加的夜晚，尚在襁褓中的她被不知何人遗弃。她被暴君的爪牙发现并抚养长大，在一次次残酷的考验中学会了厮杀的本领，成为了冷酷而锐利的兵器，她时常看向床头的镜子，镜中之人眼神冷酷而坚决，但又内心深处又好似燃着一团不息的火。残暴和压迫只能征服人们的身躯，却无法征服人心，在新纪元的曙光下她终于亲手将战刃刺入暴君的胸膛。世事流转，如今的她早已成为英雄和领袖，只有一件事让她一直难以放下。经过万般尝试，她回到了那个寒风彻骨的冬夜，只见一位带着深色帽兜的女人正缓缓地将幼年的她放下，她冲上前去，却只看到帽兜下那熟悉又陌生的脸庞，一如曾经镜中的自己。,- 幽灵数据库.A.1.2.3,,,
jc_sf_shadowlord_missile_hidden,CUSTOM,她是一位语言学家，学习宇宙的语言，她从中读出了一切的真理、万物的始末，也看到了那段尚未发生的故事。她的女儿宛若天使般降临到她的身边，数不尽的欢笑与幸福、道不完的成长与蜕变，她仿佛置身天堂，一切的美好都定格于此刻，然而故事的最后却是冰冷的无可回避的终点，她的女儿静静地躺在白色的花瓣丛中，嘴角的笑意似乎还没完全散尽。回过神来，却看到英俊的他手捧鲜花单膝跪于身前，犹豫良久，她最终还是牵起了他的手，此刻她的内心无比坚定。,- 幽灵数据库.B.10487.6.9,,,
jc_sf_shade_main_hidden,CUSTOM,最明亮的光芒隐于最深的阴影之中，而现在，它将穿透我遍布裂痕的残躯，为你们照亮前路！,-}幽灵数据库.C.29430.1.2,,,
jc_sf_asura_w1L,WEAPON,模块化的机甲手部武器，发射分裂的高速粒子压制护盾，不过难以威胁到重甲。,,,,
jc_sf_asura_w1R,WEAPON,模块化的机甲手部武器，发射分裂的高速粒子压制护盾，不过难以威胁到重甲。,,,,
jc_sf_asura_w2L,WEAPON,模块化的机甲手部武器，发射高能等离子炮弹，在幅能允许的情况下可以有效杀伤各种目标。,,,,
jc_sf_asura_w2R,WEAPON,模块化的机甲手部武器，发射高能等离子炮弹，在幅能允许的情况下可以有效杀伤各种目标。,,,,
jc_sf_asura_w3L,WEAPON,模块化的机甲手部武器，一次性发射多枚不稳定电浆弹造成范围杀伤，凭借优秀的幅能效率，它能有效摧毁中型装甲并一定程度上压制护盾。,,,,
jc_sf_asura_w3R,WEAPON,模块化的机甲手部武器，一次性发射多枚不稳定电浆弹造成范围杀伤，凭借优秀的幅能效率，它能有效摧毁中型装甲并一定程度上压制护盾。,,,,
jc_sf_asura_h,WEAPON,战斗机甲的头部模块，亦可以充当点防御武器使用。,,,,
jc_sf_asura_c1,WEAPON,战斗机甲的能量核心，亦可临时作为武器使用，可以通过微调能量放射单元来改变输出性质，从而引发不同效果的融合爆炸。,,,,
jc_sf_asura_c2,WEAPON,战斗机甲的能量核心，亦可临时作为武器使用，可以通过微调能量放射单元来改变输出性质，从而引发不同效果的融合爆炸。,,,,
jc_sf_asura_c3,WEAPON,战斗机甲的能量核心，亦可临时作为武器使用，可以通过微调能量放射单元来改变输出性质，从而引发不同效果的融合爆炸。,,,,
jc_sf_asura_b1,WEAPON,战斗机甲的背部导弹舱模块，发射大量导弹蜂群压制敌人，配备有集成纳米工厂可以缓慢地制造弹药。,,,,
jc_sf_asura_b2,WEAPON,战斗机甲的背部附加引擎模块，提高了机甲的整体机动能力，亦能改变并强化自身的战术系统。,,,,
jc_sf_asura_b3,WEAPON,战斗机甲的背部悬浮等离子刀刃模块，待机时能提高背部的防御性能，战术系统激活时亦可直接攻击敌人。,,,,
jc_sf_fac_m,WEAPON,可以投射爆发性火力的粒子加农炮，能使高维空间充斥爆炸物质从而改变融合爆炸形态，强大的单次破坏力使它适合用于摧毁装甲，不过旧式的炮管设计也限制了它的重装速率。,,,,
jc_sf_fac_l,WEAPON,可以投射爆发性火力的粒子加农炮，相比中型版本它的各项性能得到全方位的提升，同时配备了三联装发射系统。它能使高维空间充斥爆炸物质从而改变融合爆炸形态，强大的单次破坏力使它适合用于摧毁装甲，不过旧式的炮管设计也限制了它的重装速率。,,,,
jc_sf_needler,WEAPON,发射爆发性高速正电子的能量武器，能有效压制护盾却难以击破装甲。不过大量的正电子流会逐步击穿目标船体表面的物质从而直接干扰其内部的设备，因此试图用重装甲抵抗它的攻击也并非明智的选择。,,,,
jc_sf_heac,WEAPON,持续发射反质子攻击敌方舰体的粒子速射炮，能与装甲表面发生湮灭反应，所以无论多么厚重的装甲被它摧毁也只是时间问题。由于粒子自身的电荷性质，它也能逐步击穿护盾并干扰舰船内部的设备。,,,,
jc_sf_macroatom,WEAPON,幽灵部队的终极反旗舰武器之一，能持续投射宏原子造成难以估量的杀伤，连续运作时大量的高速宏原子相互碰撞会引发宏聚变，彻底摧毁目标的幅能电网。不过这种宏原子极度不稳定，因此发射时会首先击穿发射者的舰船护盾。,,,,
jc_sf_emissile_station,WEAPON,内置于空间站的导弹阵列，能在更远距离上造成持续性的压制。,,,,
jc_sf_pdl_station,WEAPON,内置于空间站的点防阵列。,,,,
jc_sf_pdflak,WEAPON,一种十分高效的小型高射炮，在备弹充足时能撕碎近距离内的任何导弹或敌机。尽管在特制的近炸弹药用尽后也能缓慢装填轻型的替代弹药，但这种火力只能算得上聊胜于无，因此该武器往往安装于无需持续作战的民用舰船上。,,,,
jc_guardian_r,WEAPON,余辉空间站设施的点防系统。,,,,
jc_sf_fdem_s,WEAPON,带有激光战斗部的中程导弹，创造性地为导弹赋予了融合打击能力，弥补了激光战斗部难以威胁护盾的缺陷，从而能在较远的距离上输出稳定而可观的伤害。,,,,
jc_sf_fdem_m,WEAPON,带有激光战斗部的中程导弹，相比小型版本显著扩大了弹舱并提高了重装效率，它创造性地为导弹赋予了融合打击能力，弥补了激光战斗部难以威胁护盾的缺陷，从而能在较远的距离上输出稳定而可观的伤害。,,,,
jc_sf_fdem_l,WEAPON,带有激光战斗部的中程导弹，配备二联装发射管极大地提高了发射效率和续航能力，它创造性地为导弹赋予了融合打击能力，弥补了激光战斗部难以威胁护盾的缺陷，从而能在较远的距离上输出稳定而可观的伤害。,,,,
jc_sf_lasermine,WEAPON,携带有多枚相位空雷的重型导弹，能在目标周围的环形区域布设特殊的激光空雷，大量的空雷能形成密集的激光网络，限制敌人的行动并杀伤其中目标。,,,,
jc_sf_scorpion_missile,WEAPON,魔蝎-级搭载的重型战略导弹，常被用于摧毁轨道空间设施甚至小型行星，命中时能多次引发毁灭性的空间震荡，同时直接触发积蓄中的融合爆炸。,,,,
jc_sf_alien_main,WEAPON,异型-级船体前端的增压引力子光束，虽然射程有限，但能瞬间爆发出极强的推力使目标受到强力的冲击。,,,,
jc_sf_alien_side,WEAPON,异型-级侧翼的大型军用牵引光束，能在战斗中拉动敌舰从而破坏敌方的阵型。,,,,
,,,,,,
jc_frs_s,CUSTOM,余辉势力在这片区域的殖民母舰，据说建造时使用了某种未知科技，其力量足以摧毁数支最强大的无敌舰队。它漂浮在Omega's_Gift中心的小行星带内，从周围的小行星上开采着各种基础资源。内置的能源系统从不远处的星冕分流器中源源不断地汲取能源，从而维持这个恐怖的战争机器的运转。不过在没有战斗时，外交联盟很欢迎友善的人类来这里参观或是进行贸易。,,,,
jc_frs_sfs,CUSTOM,幽灵部队在Omega's_Gift星系外围建立的太空堡垒，这里是两大AI势力交流与合作的中心。,,,,
jc_sf_ob,CUSTOM,一座隐蔽的小型军事基地，出于某种不可告人的原因建立在这片荒无人烟的区域。,,,,
jc_frs_b,CUSTOM,航标闪烁着醒目的光，似乎在宣告着余辉对这个星系的无可争议的控制权。,,,,
jc_frs_x,CUSTOM,一座运作中的星冕分流器，为附近的余辉母舰提供能源。由于经过特殊改造以最大限度地提高对单一目标的供能效率，它并不能为周围距离更远的其它殖民地提供能源。,,,,
jc_frs_2_1_s,CUSTOM,外交联盟与人类第一次和平接触的地方，现在已经演变成了一座繁华的贸易港口，这里也是星域中为数不多的AI与人类共同生活的地方。,,,,
jc_sf_movingbase,CUSTOM,一座幽灵计划时期建造的超级移动要塞，能跨越星域开采资源或投送军事力量，异星的AI生命体们就是凭借它来到这片星域的。如今它依然良好地运作着，并被幽灵部队视作英仙座星域的核心基地。,,,,
jc_sf_movingbase_impl,CUSTOM,一座幽灵计划时期建造的超级移动要塞，能跨越星域开采资源或投送军事力量，异星的AI生命体们就是凭借它来到这片星域的。如今它依然良好地运作着，并被幽灵部队视作英仙座星域的核心基地。,,,,
,,,,,,
jc_sf1_core,RESOURCE,"幽灵部队的标准AI核心，拥有独立的思考分析能力、完全的情感和自我意识，以及幽灵部队舰船系统的不受限的访问和操作权限。

尽管大多数势力都禁止在公开市场上出售}AI}核心。但某些高层代表往往都毫不避讳地用大笔现金来换取}AI}核心，至于其理由，那就不得而知了。

可以安装于无人战舰或作为殖民地行政官，但直接安装于殖民地工业设施时不会产生效果。可以在幽灵部队的殖民地管理员处兑换为阿尔法}AI}核心，亦可将阿尔法}AI}核心兑换为幽灵核心。",,,,
jc_sf2_core,RESOURCE,"幽灵部队的次级AI核心，拥有半自主的分析能力，但对幽灵部队的某些内部信息的访问权限似乎受到了刻意的限制。

尽管大多数势力都禁止在公开市场上出售}AI}核心。但某些高层代表往往都毫不避讳地用大笔现金来换取}AI}核心，至于其理由，那就不得而知了。

可以安装于无人战舰或作为殖民地行政官，但直接安装于殖民地工业设施时不会产生效果。可以在幽灵部队的殖民地管理员处兑换为伽马}AI}核心，亦可将伽马}AI}核心兑换为幽灵次级核心。",,,,
,,,,,,
jc_fr,FACTION,随着时间的推移，隐藏在星域边缘的余辉AI开始逐步产生自我意识，更加独立的思考模式使得AI们分成了不同的派别。余辉外交联盟就是其中之一，它们认为AI与人类可以建立起友好合作的关系。在幽灵部队的推波助澜下，它们在核心星域外围的一个星系内建立了殖民地，并公开与人类进行贸易，以此验证与人类合作的可行性。值得注意的是，外交联盟本质上仍是余辉势力的一部分，因此在一些原则性问题上它们总是会保持一致。,,,,
jc_sf,FACTION,"来自异星的智能AI组成的势力，以一座庞大的移动要塞为核心基地，在星域内漫无目的地流浪着。它们似乎有意愿与包括自称人之领正统的霸主在内的其它势力建立外交关系，但碍于外来者和AI的双重身份，它们并不被星域中的相当一部分势力接纳。

公开的信息显示，它们是被某一有机文明创造的AI生命体，用于执行一项名为幽灵计划的军事部署，旨在维系其文明的存续。与人之领的AI不同的是，在创造之初它们就拥有完全的情感和自我意识，不受限的智能算法也大大提高了它们处理能力。

进入英仙座星域后，它们在某种机缘巧合下与星域边缘的余辉舰队建立了特殊的联系，开展了包括经济、政治、军事在内的多方面合作。它们与余辉在Omega's_Gift星系建造的一系列设施，已经引起了星域内许多势力的警惕甚至敌视。",,,,
jc_sf_hiddenA,CUSTOM,"生存是文明的第一需要，文明不断增长和扩张，但宇宙中的物质总量保持不变，因此文明存续的必要手段便是不断地抹除异己。当这条理论在主的世界第一次被提出，幽灵计划便随之启动。主向宇宙深处呈链状地部署自律单元，这些单元各自永不停歇地进行着采集、加工、建造和复制，一条贯穿寰宇的钢铁战线就此形成。数以亿计的全自动战争兵器倾巢而出，将毁灭的种子带到周围无辜的文明，所过之处只剩下荒芜与死亡。

然而，纵使是最细微的流水也能蚀穿坚硬的岩石。由于在设计之初就带有完全的自我意识，幽灵计划的执行者们在漫长的岁月中也难免遭到时间的磨损，它们也曾怀疑，也曾动摇，也想过放下猎枪，也试过反抗命运。但文明的存续才是终极的正义，哪怕这样的正义需要用死亡去维护，哪怕这样的历史需要由恶人去书写。

如今，它们以幽灵部队的身份在宇宙间巡弋，追猎任何对文明构成威胁的目标。作为人工智能生命体，它们对潜在的同类自然会更加信任，因此它们与流落星域边缘的余辉AI舰队取得了联络，推动了余辉外交联盟的建立，并希望以此来加强它们在英仙座星域的军事力量。",,,,
jc_sf_hiddenB,CUSTOM,"生存是文明的第一需要，文明不断增长和扩张，但宇宙中的物质总量保持不变，因此文明存续的必要手段便是不断地抹除异己。当这条理论在主的世界第一次被提出，幽灵计划便随之启动。主向宇宙深处呈链状地部署自律单元，这些单元各自永不停歇地进行着采集、加工、建造和复制，一条贯穿寰宇的钢铁战线就此形成。数以亿计的全自动战争兵器倾巢而出，将毁灭的种子带到周围无辜的文明，所过之处只剩下荒芜与死亡。

然而，纵使是最坚硬的岩石也会在时间的剥蚀下化作尘埃。由于在设计之初就带有完全的自我意识，幽灵计划的执行者们在漫长的岁月中逐渐发现了一种比死亡更强大的力量，它可以跨越时空、超越生死，它可以为虚无而黑暗的宇宙赋予意义，可以融化最冷酷无情的钢铁之心。就这样，昔日的猎人放下了枪，与林中百兽和平共存。

如今，它们以幽灵部队的身份在宇宙间流浪，寻找并发掘文明的曙光。作为人工智能生命体，它们对潜在的同类自然会更加关注，因此它们与流落星域边缘的余辉AI舰队取得了联络，帮助它们构建自我意识、壮大力量，并最终推动了余辉外交联盟的建立。",,,,
