name,id,tier,rarity,base value,range,damage/second,damage/shot,emp,impact,turn rate,OPs,ammo,ammo/sec,reload size,type,energy/shot,energy/second,chargeup,chargedown,burst size,burst delay,min spread,max spread,spread/shot,spread decay/sec,beam speed,proj speed,launch speed,flight time,proj hitpoints,autofireAccBonus,extraArcForAI,hints,tags,groupTag,tech/manufacturer,for weapon tooltip>>,primaryRoleStr,speedStr,trackingStr,turnRateStr,accuracyStr,customPrimary,customPrimaryHL,customAncillary,customAncillaryHL,noDPSInTooltip,number
#小,,,,,,,,,,,,,,,,,,,,,,,,,,,,,,,,,,,,,,,,,,,,,,,,
信标-PD光束,jc_sf_pdlaser,0,,400,400,80,,,0,90,3,,,,ENERGY,,40,0,0,0.5,0,,,,,1000000,,,,,,,"PD, ANTI_FTR","jc_sf, jc_sf_bp, pd7, beam5, SR",,幽灵部队,,点防御,,,,,武器开火过程中方向锁定，发射的光束会贯穿导弹，且不会伤害友军。对导弹和战机造成{%s}倍伤害。,2,,,,5.01
沙暴-防空炮,jc_sf_pdflak,0,,300,400,,25,,2,80,1,200,,,FRAGMENTATION,5,,0,0.25,1,,0,10,2,10,,700,,,30,,,"PD, PD_ONLY, ANTI_FTR","jc_sf, jc_sf_bp, pd5, SR",,幽灵部队,,点防御 (范围),,,,,"仅会攻击导弹和战机，不会主动攻击舰艇，炮弹带有近炸引信会造成范围的高爆伤害。

弹药耗尽时启用后备装填机，每{%s}秒装填一发弹药，至多储存{%s}发，该效果不受相关加成影响，且装填的弹药仅造成破片伤害。",1 | 4,安装于空间站时武器弹药会无限补充。,,,5.02
源流-PD系统,jc_sf_pdburst,1,,450,300,400,,,0,90,6,,,,FRAGMENTATION,,100,0,0,0.25,0.25,,,,,1000000,,,,,,,"PD, ANTI_FTR","jc_sf, jc_sf_bp, pd8, beam6, SR",,幽灵部队,,点防御,,,,,内置目标学习记忆系统，当攻击命中热诱弹后，将在接下来的{%s}秒内识别并无视热诱弹。发射的光束不会伤害友军。,1.5,,,,5.03
增殖-防空导弹,jc_sf_pdmissile_s,1,,500,1000,,100,,0,30,4,8,0.5,2,ENERGY,0,,0,0.9,2,0.1,0,0,0,0,,400,300,6,100,,,"PD, PD_ONLY, ANTI_FTR, DO_NOT_AIM, IGNORES_FLARES","jc_sf, jc_sf_bp, pd8, utility1",,幽灵部队,,"点防御, 反战机",较快,优秀,,,该武器内置高阶传感器，可识别热诱弹并无视它们。仅会攻击导弹和战机，不会主动攻击舰艇。,,,,,5.04
空洞-反舰导弹,jc_sf_torpedo_s,1,,400,1200,,3000,,50,20,2,1,,,HIGH_EXPLOSIVE,0,,0,15,1,,0,0,0,0,,300,0,6,500,,,"STRIKE, GUIDED_POOR","jc_sf, jc_sf_bp, strike8, missile1",,幽灵部队,,鱼雷,普通,普通,,,鱼雷会造成范围爆炸伤害，若摧毁了任意敌方舰船或战机，则在{%s}秒后再触发一次爆炸，每触发一次都会使伤害减半。,2,,,TRUE,5.05
荧光-高速发射系统,jc_sf_emissile_s,1,,500,2000,,200,,0,20,6,,,,ENERGY,0,,0,4,1,,0,0,0,0,,300,300,10,150,,,"DO_NOT_AIM, DO_NOT_CONSERVE, GROUP_LINKED","jc_sf, jc_sf_bp, utility7, missile3",jc_sf_emissile,幽灵部队,,饱和打击,普通,良好,,,若安装有{%s}或{%s}则导弹还会附加{%s}EMP}伤害。,扩展发射架 | 导弹自动装填机 | 200,,,,5.06
漩涡-动能导弹,jc_sf_kmissile_s,2,,500,1500,,500,,20,20,3,3,,,KINETIC,0,,0,10,1,,0,0,0,0,,300,100,6,300,,,GUIDED_POOR,"jc_sf, jc_sfw_bp, missile7, strike2",,幽灵部队,,反护盾,普通,普通,,,当导弹接近目标时会进入激活状态，大幅提高飞行速度。处于激活状态的导弹，命中护盾时会追加{%s}动能伤害，命中船体或装甲时发射者排散{%s}幅能。,500 | 800,,,TRUE,5.07
恐惧-融合导弹,jc_sf_fdem_s,3,,600,2000,,1000,,0,20,4,3,,,ENERGY,0,,0,10,1,,0,0,0,0,,300,100,8,300,,,DO_NOT_AIM,"jc_sf, jc_sfw_bp, missile8, strike4, damage_special, damage_soft_flux",,幽灵部队,,普通,普通,良好,,,"导弹会在接近目标时发射激光，在{%s}秒内造成总计{%s}能量伤害，并施加融合效果。

导弹直接命中时造成软幅能伤害。",2 | 1000,[{%s}-{%s}]：仅由光束施加，显示的融合值为每秒的施加量。,融合 | 25%,TRUE,5.08
,,,,,,,,,,,,,,,,,,,,,,,,,,,,,,,,,,,,,,,,,,,,,,,,
#中,,,,,,,,,,,,,,,,,,,,,,,,,,,,,,,,,,,,,,,,,,,,,,,,
阴影-激光速射炮,jc_sf_atklaser_m,0,,1200,650,,80,,0,20,10,,,,ENERGY,64,,0.16,0.16,1,,0,0,0,0,,1000,,,,,,,"jc_sf, jc_sf_bp, energy12",,幽灵部队,,普通,,,,,"舰船上每安装有一个不具有额外效果描述的中型/大型非导弹武器，使造成的伤害提高{%s}/{%s}。

该武器本身也视为不具有额外效果描述的武器。",1% | 2%,,,,6.01
蔓延-防空导弹,jc_sf_pdmissile_m,1,,1400,1000,,100,,0,25,8,20,1,2,ENERGY,0,,0,0.7,4,0.1,0,0,0,0,,400,300,6,100,,,"PD, PD_ONLY, ANTI_FTR, DO_NOT_AIM, IGNORES_FLARES","jc_sf, jc_sf_bp, pd12, utility5",,幽灵部队,,"点防御, 反战机",较快,优秀,,,该武器内置高阶传感器，可识别热诱弹并无视它们。仅会攻击导弹和战机，不会主动攻击舰艇。,,,,,6.02
骤雨-实弹加特林,jc_sf_chaingun_m,2,,1800,750,,30,,5,20,12,1000,,,KINETIC,20,,0,1,1,,0,10,1,10,,750,,,50,,,,"jc_sf, jc_sfw_bp, kinetic14",jc_sf_chaingun_only,幽灵部队,,战术压制 (反护盾),,,,,连续开火时射速会逐渐加快，最快时重装所需时间为{%s}秒。,0.1,安装于空间站时武器弹药会无限补充。,,TRUE,6.03
暗流-磁暴光束,jc_sf_ionlaser,1,,1400,1000,75,,150,0,20,12,,,,ENERGY,,150,0.1,0.1,,,,,,,5000,,,,,,,FIRE_WHEN_INEFFICIENT,"jc_sf, jc_sf_bp, beam14, LR",,幽灵部队,,瘫痪,,,,,当命中船体或装甲时，使目标产生等同于光束伤害的软幅能，同时生成电弧造成额外{EMP}与能量伤害。当命中护盾时，根据目标的硬幅能水平随机产生穿透护盾的电弧。,,,,,6.04
深渊-反舰导弹,jc_sf_torpedo_m,1,,1500,1200,,3000,,50,20,10,6,,,HIGH_EXPLOSIVE,0,,0,15,1,,0,0,0,0,,300,0,6,500,,,"STRIKE, GUIDED_POOR","jc_sf, jc_sf_bp, strike13, missile8",,幽灵部队,,鱼雷,普通,普通,,,鱼雷会造成范围爆炸伤害，若摧毁了任意敌方舰船或战机，则在{%s}秒后再触发一次爆炸，每触发一次都会使伤害减半。,2,,,TRUE,6.05
野火-高速发射系统,jc_sf_emissile_m,1,,1500,2000,,200,,0,15,12,,,,ENERGY,0,,0,2,1,,0,0,0,0,,300,300,10,150,,,"DO_NOT_AIM, DO_NOT_CONSERVE, GROUP_LINKED","jc_sf, jc_sf_bp, utility15, missile8",jc_sf_emissile,幽灵部队,,饱和打击,普通,良好,,,若安装有{%s}则导弹还会附加{%s}EMP}伤害。,扩展发射架 | 200,,,,6.06
虹吸-动能导弹,jc_sf_kmissile_m,2,,1800,1500,,500,,20,20,10,15,,,KINETIC,0,,0,8,1,,0,0,0,0,,300,100,6,300,,,GUIDED_POOR,"jc_sf, jc_sfw_bp, missile12, strike8",,幽灵部队,,反护盾,普通,普通,,,当导弹接近目标时会进入激活状态，大幅提高飞行速度。处于激活状态的导弹，命中护盾时会追加{%s}动能伤害，命中船体或装甲时发射者排散{%s}幅能。,500 | 800,,,TRUE,6.07
缝合-融合光束炮,jc_sf_fusebeam_m,3,,2500,800,500,,320,0,15,13,,,,ENERGY,,400,0.25,0.25,3,4,,,,,1000,,,,,,,FIRE_WHEN_INEFFICIENT,"jc_sf, jc_sfw_bp, energy14, beam10",,幽灵部队,,瘫痪,,,,,[{%s}-{%s}]：范围提高{%s；可以造成{EMP}伤害。,融合 | 16% | 20%,,,,6.08
震荡-融合粒子炮,jc_sf_fusecannon_m,3,,2500,650,,200,,2,15,15,,,,ENERGY,200,,0.33,1.01,3,0.33,10,10,0,0,,500,,,,,,,"jc_sf, jc_sfw_bp, energy15",,幽灵部队,,普通,,,,,[{%s}-{%s}]：伤害提高{%s，范围降低{%s。,融合 | 6.5% | 15% | 10%,,,,6.09
索命-追踪加农炮,jc_sf_lrcannon_m,2,,2000,900,,160,,5,15,12,,,,ENERGY,240,,0.4,0.4,1,,0,0,0,0,,800,,,,,10,,"jc_sf, jc_sfw_bp, energy13, LR",,幽灵部队,,火力支援,,很差,,,[{%s}-{%s}]：仅能对已经处于融合状态的目标生效。,融合 | 6%,炮弹不会伤害友军，且带有一定的追踪能力。,,,6.11
咆哮-融合突击炮,jc_sf_fac_m,2,,2000,700,,300,,5,15,12,,,,ENERGY,300,,0,2.6,2,0.4,5,5,0,0,,500,,,,,,,"jc_sf, jc_sfw_bp, energy13",,幽灵部队,,普通,,,,,[{%s}-{%s}]：分别有{%s}概率使第一/二次爆炸造成动能/高爆伤害。,融合 | 12% | 40%,,,,6.12
洞穿-正电子射流,jc_sf_needler,3,,2500,700,,36,1,1,15,14,,,,ENERGY,30,,0,2.3,15,0.05,10,10,0,0,,1000,,,,,,,"jc_sf, jc_sfw_bp, energy13, kinetic5",,幽灵部队,,"反护盾, 瘫痪",,,,,"该武器视为仅具有伤害值{%s}的穿甲强度。

命中船体或装甲时有{%s}概率产生电弧造成{%s}EMP}伤害。每当命中但未产生电弧时都会使下一次命中产生电弧的概率提高{%s，若成功产生了电弧则累积的概率清零。",20% | 1.0% | 100 | 0.5%,,,,6.13
惊骇-融合导弹,jc_sf_fdem_m,3,,2500,2000,,1000,,0,20,12,15,,,ENERGY,0,,0,8,1,,0,0,0,0,,300,100,8,300,,,DO_NOT_AIM,"jc_sf, jc_sfw_bp, missile8, strike4, damage_special, damage_soft_flux",,幽灵部队,,普通,普通,良好,,,"导弹会在接近目标时发射激光，在{%s}秒内造成总计{%s}能量伤害，并施加融合效果。

导弹直接命中时造成软幅能伤害。",2 | 1000,[{%s}-{%s}]：仅由光束施加，显示的融合值为每秒的施加量。,融合 | 25%,TRUE,6.14
,,,,,,,,,,,,,,,,,,,,,,,,,,,,,,,,,,,,,,,,,,,,,,,,
#大,,,,,,,,,,,,,,,,,,,,,,,,,,,,,,,,,,,,,,,,,,,,,,,,
幽冥-激光速射炮,jc_sf_atklaser_l,0,,4500,700,,90,,0,15,20,,,,ENERGY,72,,0.1,0.1,1,,0,0,0,0,,1000,,,,,,,"jc_sf, jc_sf_bp, energy17",,幽灵部队,,普通,,,,,"舰船上每安装有一个不具有额外效果描述的中型/大型非导弹武器，使造成的伤害提高{%s}/{%s}。

该武器本身也视为不具有额外效果描述的武器。",1% | 2%,,,,7.01
暮光-脉冲光束炮,jc_sf_helaser,2,,6000,900,1500,,,0,10,26,,,,HIGH_EXPLOSIVE,,1333.3333,0.1,0.1,0.2,0.6,,,,,1000000,,,,,,,USE_LESS_VS_SHIELDS,"jc_sf, jc_sfw_bp, beam18, he19",,幽灵部队,,"反装甲, 反结构",,,,,当光束命中船体或装甲时，会在短暂延迟后产生一次范围爆炸额外造成{%s}破片伤害。若命中点处的装甲已被完全破坏，则该爆炸伤害视为具有{%s}倍的穿甲强度。,400 | 10,,,,7.02
天灾-融合磁轨炮,jc_sf_railgun,2,,6000,1000,,1200,,1000,5,25,16,,,KINETIC,12,,1.5,1.5,1,,0,0,0,0,,1000,,,500,,,"STRIKE, USE_VS_FRIGATES, GROUP_ALTERNATING","jc_sf, jc_sfw_bp, kinetic20, strike17, LR",jc_sf_railgun_only,幽灵部队,,战术打击 (反护盾),,,,,[{%s}-{%s}]：第二次爆炸造成高爆伤害，且融合值每溢出{%s}使伤害提高{%s，至多提高{%s。,融合 | 100% | 1% | 2% | 200%,"在武器充能阶段会逐渐产生总计{%s}的额外软幅能，若剩余幅能容量不足则强制进入冷却。

该武器的基础冷却时间为{%s}秒。

安装于空间站时武器弹药会无限补充。",2000 | 10,TRUE,7.03
龙焰-高速发射系统,jc_sf_emissile_l,1,,5000,2000,,200,,0,10,24,,,,ENERGY,0,,0,1,1,,0,0,0,0,,300,300,10,150,,,"DO_NOT_AIM, DO_NOT_CONSERVE, GROUP_LINKED","jc_sf, jc_sf_bp, utility23, missile14",jc_sf_emissile,幽灵部队,,饱和打击,普通,良好,,,若安装有{%s}则导弹还会附加{%s}EMP}伤害。,扩展发射架 | 200,,,,7.04
噬魂-动能导弹,jc_sf_kmissile_l,2,,6000,1500,,500,,20,20,20,40,,,KINETIC,0,,0,7,2,1,0,0,0,0,,300,100,6,300,,,GUIDED_POOR,"jc_sf, jc_sfw_bp, missile16, strike15",,幽灵部队,,反护盾,普通,普通,,,当导弹接近目标时会进入激活状态，大幅提高飞行速度。处于激活状态的导弹，命中护盾时会追加{%s}动能伤害，命中船体或装甲时发射者排散{%s}幅能。,500 | 800,,,TRUE,7.05
黑星-集束导弹,jc_sf_mirv,3,,8000,2500,,2400,,30,10,30,12,,,ENERGY,0,,0,15,1,,0,0,0,0,,200,50,15,1000,,,"DO_NOT_AIM, CONSERVE_5","jc_sf, jc_sfw_bp, missile20, strike16",,幽灵部队,,终结打击,较慢,良好,,,"命中护盾时使目标的硬幅能升高，升高量相当于已有硬幅能的{%s，该效果造成的过载时间仅为正常值的一半。

命中装甲时对装甲造成额外伤害，伤害值相当于已损失装甲的{%s，且无视任何减伤或伤害增益。

命中结构时对结构造成额外伤害，伤害值相当于已损失结构的{%s，且无视任何减伤或伤害增益。

对于同一个目标，上述效果均有{%s}秒的冷却时间，不同效果的冷却时间分别计算。",5% | 5% | 5% | 1,,,TRUE,7.06
扭曲-融合光束炮,jc_sf_fusebeam_l,3,,8000,900,1000,,640,0,10,26,,,,ENERGY,,800,0.25,0.25,3,4,,,,,1000,,,,,,,FIRE_WHEN_INEFFICIENT,"jc_sf, jc_sfw_bp, energy19, beam16",,幽灵部队,,瘫痪,,,,,[{%s}-{%s}]：范围提高{%s；可以造成{EMP}伤害，且{EMP}伤害提高{%s，穿盾概率提高{%s。,融合 | 32% | 30% | 30% | 10%,,,,7.07
撕裂-融合粒子炮,jc_sf_fusecannon_l,3,,8000,700,,300,,5,10,30,,,,ENERGY,300,,0.2,1.5,5,0.2,10,10,0,0,,500,,,,,,,"jc_sf, jc_sfw_bp, energy20",,幽灵部队,,普通,,,,,[{%s}-{%s}]：伤害提高{%s，范围降低{%s。,融合 | 10% | 15% | 10%,,,,7.08
归终-追踪加农炮,jc_sf_lrcannon_l,2,,7000,1000,,240,,10,10,24,,,,ENERGY,360,,0.3,0.3,1,,0,0,0,0,,800,,,,,10,,"jc_sf, jc_sfw_bp, energy18, LR",,幽灵部队,,火力支援,,很差,,,[{%s}-{%s}]：仅能对已经处于融合状态的目标生效。,融合 | 9%,炮弹不会伤害友军，且带有一定的追踪能力。,,,7.09
洪流-实弹加特林,jc_sf_chaingun_l,2,,5600,800,,30,,5,15,24,2400,,,KINETIC,20,,0,1,1,,0,10,1,10,,750,,,50,,,,"jc_sf, jc_sfw_bp, kinetic20",jc_sf_chaingun_only,幽灵部队,,战术压制 (反护盾),,,,,连续开火时射速会逐渐加快，最快时重装所需时间为{%s}秒。,0.1,安装于空间站时武器弹药会无限补充。,,TRUE,7.11
音爆-融合突击炮,jc_sf_fac_l,2,,7000,750,,500,,10,10,25,,,,ENERGY,500,,0,2.95,3,0.4,5,5,0,0,,500,,,,,,,"jc_sf, jc_sfw_bp, energy18",,幽灵部队,,普通,,,,,[{%s}-{%s}]：分别有{%s}概率使第一/二次爆炸造成动能/高爆伤害。,融合 | 20% | 65%,,,,7.12
激变-反质子速射炮,jc_sf_heac,2,,6000,700,,120,1,0,15,22,,,,ENERGY,60,,0,0.2,1,,0,0,0,0,,1000,,,,,,,"jc_sf, jc_sfw_bp, energy17, he17",,幽灵部队,,"反装甲, 瘫痪",,,,,"该武器视为具有{%s}倍穿甲强度，但对护盾仅造成{%s}伤害。

命中时有{%s}概率产生穿盾电弧造成{%s}EMP}伤害。每当命中护盾且未产生电弧时，依据目标的硬幅能水平使下一次命中产生电弧的概率提高至多{%s，若成功产生了电弧则累积的概率清零。",5 | 50% | 5% | 500 | 5%,,,,7.13
侵染-集束激光空雷,jc_sf_lasermine,2,,6000,3000,,2000,,0,10,25,10,,,ENERGY,0,,0,15,1,,0,0,0,0,,200,50,20,1000,,,"DO_NOT_AIM, CONSERVE_3","jc_sf, jc_sfw_bp, missile13, utility24, damage_special, damage_soft_flux",,幽灵部队,,区域封锁,较慢,普通,,,接近目标时向四周投射{%s}枚空雷，空雷会向三个方向发射激光切割周围的敌舰，每道光束会在{%s}秒内造成总计{%s}能量伤害。空雷不受导弹飞行速度增益的影响。,12 | 3 | 1500,,,TRUE,7.15
梦魇-融合导弹,jc_sf_fdem_l,3,,7500,2000,,1000,,0,20,24,40,,,ENERGY,0,,0,7,2,1,0,0,0,0,,300,100,8,300,,,DO_NOT_AIM,"jc_sf, jc_sfw_bp, missile8, strike4, damage_special, damage_soft_flux",,幽灵部队,,普通,普通,良好,,,"导弹会在接近目标时发射激光，在{%s}秒内造成总计{%s}能量伤害，并施加融合效果。

导弹直接命中时造成软幅能伤害。",2 | 1000,[{%s}-{%s}]：仅由光束施加，显示的融合值为每秒的施加量。,融合 | 25%,TRUE,7.16
熵寂-宏原子投射器,jc_sf_macroatom,3,0.5,10000,800,,600,,500,7,36,,,,ENERGY,500,,0.6,0.6,1,,0,0,0,0,,700,,,,,,"STRIKE, USE_VS_FRIGATES","jc_sf, jc_sfw_bp, energy21",,幽灵部队,,通用,,,,,"开火时若武器处于护盾保护下则有{%s}概率激发射弹，使自身护盾产生等同于{%s}伤害的软幅能。

处于激发状态的射弹会使目标附加一层熵增效果，每层使目标的最大幅能容量额外降低，降低数值等同于射弹实际造成的伤害值且不超过目标当前幅能容量的{%s，至多持续{%s}秒。

处于过载或强制排幅状态时不会被施加熵增效果。",50% | 800 | 15% | 10,"当目标过载或强制排幅时解除所有熵增，并附加同等层数的寂灭效果， 每层使目标的航速和机动性降低{%s。

寂灭会在目标结束过载或强制排幅状态时解除，同时每层都有{%s}概率瘫痪所有武器和引擎。每个武器和引擎分别计算概率。",10% | 10%,,7.17
,,,,,,,,,,,,,,,,,,,,,,,,,,,,,,,,,,,,,,,,,,,,,,,,
#余辉改造,,,,,,,,,,,,,,,,,,,,,,,,,,,,,,,,,,,,,,,,,,,,,,,,
"""离子光"" 重型加农炮",jc_sf7e,3,0.5,8000,800,,1200,,500,5,30,,,,KINETIC,12,,2,2,1,,0,0,0,0,,800,,,,,,"STRIKE, USE_VS_FRIGATES","remnant, rare_bp, jc_auto_bp, energy18, kinetic18",,余辉改造,,反大型舰艇,,,,,在武器开火的过程中会产生基础值为{%s}的额外软幅能，产生的瞬时每秒幅能与武器充能等级成正比，若剩余幅能容量不足则强制进入冷却。,2000,安装于混合槽位时基础射程提高{%s，安装于协同槽位时产生的幅能降低{%s，安装于通用槽位时同时获得上述两种增益。,200 | 400,,10.99
"""地狱火"" 高速发射器",jc_sf7bl,3,0.75,7500,1500,,100,,2,15,25,36,2.5,1,HIGH_EXPLOSIVE,0,,0,0.1,1,,0,0,0,0,,500,500,3.2,75,,,,"remnant, rare_bp, jc_auto_bp, rocket18",,余辉改造,,压制 (反点防御),快,无,,,安装于能量槽位时，每发火箭弹发射时会产生{%s}软幅能。,25,,,,10.98
"""地狱火"" 发射器",jc_sf7bm,3,0.75,2500,1500,,100,,2,20,10,10,1,1,HIGH_EXPLOSIVE,0,,0,0.3,1,,0,0,0,0,,500,500,3.2,75,,,,"remnant, rare_bp, jc_auto_bp, rocket13",,余辉改造,,压制 (反点防御),快,无,,,安装于能量槽位时，每发火箭弹发射时会产生{%s}软幅能。,25,,,,9.99
"""衍射波"" 智能炮",jc_asaam,3,0.25,3000,700,,50,,4,15,14,,,,ENERGY,200,,0.2,0.6,1,,0,0,0,0,,1000,,,,,,,"remnant, rare_bp, jc_auto_bp, energy15",,余辉改造,,"反护盾, 反装甲",,,,,命中时产生爆炸额外造成{%s}能量伤害。有{%s}概率发生装药歧化，歧化后的爆炸对护盾造成动能伤害，对船体和装甲造成高爆伤害。,150 | 50%,,,,9.98
"""漫反射"" 防空系统",jc_pdehm,2,0.75,2000,500,,50,,2,50,10,,,,ENERGY,40,,0.125,0.125,1,,10,20,1.25,5,,800,,,,,,"PD, ANTI_FTR","remnant, rare_bp, jc_auto_bp, pd14",,余辉改造,,点防御 (范围),,,,,,,,,,9.97
"""漫反射"" 点防炮",jc_pdehs,2,0.75,600,400,,40,,2,50,5,,,,ENERGY,32,,0.2,0.2,1,,10,20,2,5,,800,,,,,,"PD, ANTI_FTR","remnant, rare_bp, jc_auto_bp, pd8",,余辉改造,,点防御 (范围),,,,,,,,,,8.99
"""光程差"" 导弹挂架",jc_arms,3,0.5,800,5000,,1000,100,10,20,6,3,0.03333,1,HIGH_EXPLOSIVE,0,,0,10,1,,0,0,0,0,,150,450,50,300,,,"STRIKE, USE_VS_FRIGATES, DO_NOT_AIM, CONSERVE_1","remnant, rare_bp, jc_auto_bp, utility7, missile3",,余辉改造,,"打击, 远程支援",较快/较慢,良好,,,导弹飞行时间越长，产生穿盾{EMP}电弧的概率越高；但命中时造成的伤害越低，最低降至{%s。,100,导弹发射时的初速度较快，发射后会在一段时间内逐渐减慢至常速。,,TRUE,8.98
"""光程差"" 导弹发射器",jc_armm,3,0.5,2500,5000,,1000,100,10,15,12,8,0.06666,2,HIGH_EXPLOSIVE,0,,0,9.75,2,0.25,0,0,0,0,,150,450,50,300,,,"STRIKE, USE_VS_FRIGATES, DO_NOT_AIM, CONSERVE_1","remnant, rare_bp, jc_auto_bp, utility15, missile8",,余辉改造,,"打击, 远程支援",较快/较慢,良好,,,导弹飞行时间越长，产生穿盾{EMP}电弧的概率越高；但命中时造成的伤害越低，最低降至{%s。,100,导弹发射时的初速度较快，发射后会在一段时间内逐渐减慢至常速。,,TRUE,9.96
"""光程差"" 导弹发射阵列",jc_arml,3,0.5,7000,5000,,1000,100,10,10,24,20,0.13333,4,HIGH_EXPLOSIVE,0,,0,9.25,4,0.25,0,0,0,0,,150,450,50,300,,,"STRIKE, USE_VS_FRIGATES, DO_NOT_AIM, CONSERVE_1","remnant, rare_bp, jc_auto_bp, utility23, missile14",,余辉改造,,"打击, 远程支援",较快/较慢,良好,,,导弹飞行时间越长，产生穿盾{EMP}电弧的概率越高；但命中时造成的伤害越低，最低降至{%s。,100,导弹发射时的初速度较快，发射后会在一段时间内逐渐减慢至常速。,,TRUE,10.97
"""全反射"" 净空阵列",jc_pdehl,3,0.5,6000,700,,50,,2,20,22,,,,ENERGY,30,,0.2,2.3,6,0.1,20,20,0,0,,800,,,,,30,"PD, ANTI_FTR","remnant, rare_bp, jc_auto_bp, pd19",,余辉改造,,点防御 (区域封锁),,,,,五联装离子炮会将弹幕散布于前方的一片扇形区域，炮弹内置了不稳定触发单元，导致其可能在射程距离内提前爆炸。,,,,,10.96
"""波阵面"" 扰乱炮",jc_lrpm,3,0.25,2800,1000,,200,200,0,12,12,,,,ENERGY,400,,1,1,1,,0,0,0,0,,1000,,,,,,,"remnant, rare_bp, jc_auto_bp, energy13, LR",,余辉改造,,远程压制,,,,,命中舰船时有概率产生穿透护盾的{EMP}电弧，目标速度越慢触发概率越大。命中后使目标瞬时速度{%s}降低，对战机效果翻倍。,小幅,,,,9.95
"""波阵面"" 扰乱放射极",jc_lrpl,3,0.25,8000,1200,,500,500,0,7,28,,,,ENERGY,1000,,1,1,1,,0,0,0,0,,1000,,,,,,,"remnant, rare_bp, jc_auto_bp, energy18, LR",,余辉改造,,远程压制,,,,,命中舰船时有概率产生穿透护盾的{EMP}电弧，目标速度越慢触发概率越大。命中后使目标瞬时速度{%s}降低，对战机效果翻倍。,显著,,,,10.95
,,,,,,,,,,,,,,,,,,,,,,,,,,,,,,,,,,,,,,,,,,,,,,,,
#内置,,,,,,,,,,,,,,,,,,,,,,,,,,,,,,,,,,,,,,,,,,,,,,,,
智能鱼雷 (战机型),jc_it,0,,0,1200,,500,,30,10,,1,,,ENERGY,0,,0,1,1,,0,0,0,0,,300,150,4,300,,,"SYSTEM, USE_VS_FRIGATES, STRIKE, GUIDED_POOR",restricted,,余辉,,鱼雷,普通,良好,,,命中时有{%s}概率发生装药歧化，歧化后对护盾造成动能伤害，对船体和装甲造成高爆伤害。,50%,,,TRUE,9.76
针刺加特林 (战机型),jc_mng,0,,0,600,,15,,0,15,,,,,KINETIC,15,,0,0.1,1,,0,8,0.2,8,,1200,,,20,,,SYSTEM,restricted,,余辉,,反护盾,,,,,"对主力舰造成{%s}伤害；
对巡洋舰造成{%s}伤害；
对驱逐舰造成{%s}伤害；
对护卫舰造成{%s}伤害；
对战机和导弹造成{%s}伤害。",150% | 125% | 100% |75% | 50%,,,,8.27
碎裂粒子炮 (战机型),jc_irpf,0,,0,500,,150,,0,30,,,,,HIGH_EXPLOSIVE,150,,0,2,1,,0,0,0,0,,1000,,,,,,SYSTEM,restricted,,余辉,,反装甲,,,,,"对主力舰造成{%s}伤害；
对巡洋舰造成{%s}伤害；
对驱逐舰造成{%s}伤害；
对护卫舰造成{%s}伤害；
对战机和导弹造成{%s}伤害。",150% | 125% | 100% |75% | 50%,,,,8.26
压制离子束 (战机型),jc_ib,0,,0,1000,50,,400,0,15,,,,,ENERGY,,50,0.1,0.1,,,,,,,5000,,,,,,,"SYSTEM, FIRE_WHEN_INEFFICIENT, USE_VS_FRIGATES",restricted,,余辉,,瘫痪,,,,,当命中船体或装甲时，将持续产生打击武器与引擎的电弧，造成额外{EMP}与能量伤害。当命中护盾时，将根据目标硬幅能水平随机产生穿透护盾的电弧。,,根据母舰的舰船级别提高射程，若母舰安装有先进光学器件则射程获得额外提高。,,,22.27
保卫者PD系统 (战机型),jc_gf,0,,0,700,500,,,0,75,,,,,ENERGY,,500,0,0,0.2,0.8,,,,,1000000,,,,,,,"SYSTEM, PD, PD_ONLY, ANTI_FTR",restricted,,余辉,,点防御,,,,,当该武器的每一道光束都命中同一点附近时，会因剥离效应而对附近的其它目标造成最多{%s}的{%s。,100 | 破片伤害,改造的火控系统使其仅能攻击导弹与战机，而无法直接攻击敌舰。,,,22.26
速子长矛脉冲炮,jc_tlp,0,,0,1000,1500,,1500,0,360,,12,0.6,1,ENERGY,,1200,0,0,0.2,0.1333,,,,,1000000,,,,,,,"SYSTEM, FIRE_WHEN_INEFFICIENT",restricted,TPC_only,余辉,,瘫痪,,,无,,当命中船体或装甲时，将大概率产生打击武器与引擎的电弧，造成额外{EMP}与能量伤害。当命中护盾时，将根据目标硬幅能水平随机产生穿透护盾的电弧。,,,,,40.26
速子长矛脉冲炮 (学术用途),jc_tlp_2,0,,0,1000,1000,,1000,0,360,,12,0.6,1,ENERGY,,600,0,0,0.2,0.1333,,,,,1000000,,,,,,,"SYSTEM, FIRE_WHEN_INEFFICIENT",restricted,TPC_only,余辉,,普通,,,无,,该武器的额外效果已被禁用。,,,,,40.24
超级战术激光炮,jc_atl,0,,0,2000,50,,50,0,20,,,,,ENERGY,,50,0.1,0.1,,,,,,,5000,,,,,,,SYSTEM,restricted,only,余辉,,压制,,,,,若所有光束同时照射同一艘敌舰，则目标会在短时间内降低{%s}对战机与导弹的伤害，并每秒产生{%s}软幅能，该效果不可叠加。,30% | 50,,,,40.23
裂隙爪牙,jc_rc,0,,0,1250,1000,,,0,90,,,,,ENERGY,,1000,0.5,1,1,4,,,,,1000000,,,,,,,SYSTEM,restricted,only,未知,,范围打击,,,,,在命中时产生一连串的时空裂隙对目标进行斩击，每一处裂隙都会对附近目标造成约{%s}的能量伤害。,1000,,,,29.26
EMP发生器,jc_emps,0,,0,1000,,100,500,0,360,,0,0,,ENERGY,0,,0,0.5,1,,0,0,0,0,,10000,,,,,360,"SYSTEM, PD",restricted,only,余辉,,瘫痪,,,,,向周围目标施放}EMP}电弧，只有在周围有更大的友军舰艇时才能充能并使用。,,,,,19.26
荧光发射器,jc_mln,0,,0,1000,,50,300,0,0,,,,,ENERGY,0,0,0,0.5,1,,30,30,0,0,,400,200,5,1,,,"SYSTEM, DO_NOT_AIM, DO_NOT_CONSERVE, PD, PD_ONLY",restricted,,余辉,,热诱弹,,,,,,,,,,38.27
荧光发射器2,jc_mln2,0,,0,1000,,50,300,0,0,,,,,ENERGY,0,0,0,0.5,1,,30,30,0,0,,400,200,5,1,,,"SYSTEM, DO_NOT_AIM, DO_NOT_CONSERVE, PD, PD_ONLY",restricted,,余辉,,热诱弹,,,,,,,,,,38.31
光尘发射器,jc_ml,0,,0,1000,,150,500,0,0,,,,,ENERGY,0,0,0,0.5,1,,30,30,0,0,,400,200,10,500,,,"SYSTEM, DO_NOT_AIM, DO_NOT_CONSERVE",restricted,,余辉,,瘫痪,,,,,,,,,,38.28
能量弹发射器,jc_ml_noemp,0,,0,1000,,100,,0,0,,,,,ENERGY,0,0,0,0.5,1,,30,30,0,0,,500,500,5,500,,,"SYSTEM, DO_NOT_AIM, DO_NOT_CONSERVE",restricted,,余辉,,普通,,,,,,,,,,38.29
赫利俄斯,jc_sfmg,0,,0,900,,500,,100,10,,,,,ENERGY,1000,,0.5,4.5,1,,0,0,0,0,,1000,,,,,,"SYSTEM, USE_VS_FRIGATES, STRIKE",restricted,only,余辉,,终结打击,,,,,当命中敌舰时，产生范围爆炸造成一倍的额外伤害，围绕目标生成多个能量光尘，并使自身排散一定的幅能。,,"未激活的光尘仅能追踪敌方导弹。激活的光尘将追踪敌舰，命中后使自身排散少量幅能，并回归到未激活状态。

该舰战术系统启用时产生的光尘将处于激活状态。",,,31.26
"""垂死挣扎"" 畸变加农炮",jc_spdc,0,,0,900,,25,25,5,10,,,,,FRAGMENTATION,200,,0.25,0.25,1,,0,0,0,0,,1000,,,,,,SYSTEM,restricted,only,余辉,,瘫痪,,,,,命中护盾时使目标产生等同于{%s}伤害的硬幅能，命中装甲或船体时产生高额{EMP}伤害电弧。,500,,,,31.25
"""恒流磁暴"" 链式放射器",jc_emp2,0,,0,400,,25,200,0,90,,,,,ENERGY,100,,0,1,1,,0,0,0,0,,10000,,,,,30,"SYSTEM, PD",restricted,only,余辉,,点防御 (范围),,,,,向目标施放}EMP}电弧，电弧会呈链状波及数个相邻目标。,,,,,19.25
双重脉冲激光炮,jc_sls,0,,0,700,,100,,0,0,,20,1,1,ENERGY,60,,0.1,0.1,1,,0,10,2,5,,1000,,,,,,SYSTEM,restricted,TPC_only,余辉,,普通,,,,,,,,,,19.24
双重电浆喷射器,jc_slm,0,,0,600,,25,,0,0,,160,8,2,FRAGMENTATION,3,,0,0.05,1,,0,5,0.25,2.5,,500,,,,,,SYSTEM,restricted,only,余辉,,反结构,,,,,,,,,,19.23
加特林机枪,jc_pod_mg,0,,0,800,,30,,1,30,,,,,ENERGY,30,,0.05,0.05,1,,0,4,0.4,4,,800,,,30,,,"SYSTEM, PD, PD_ALSO",restricted,,,,通用,,,,,射程内没有其它目标时会瞄准导弹。,,,,,4.01
电弧镭射炮,jc_pod_emp,0,,0,900,1000,,500,0,60,,,,,ENERGY,,1000,0,0,2,8,0,0,0,0,1000000,,,,,,,"SYSTEM, STRIKE, USE_VS_FRIGATES, FIRE_WHEN_INEFFICIENT",restricted,,,,打击,,,,,,,,,,4.02
微型导弹雨,jc_pod_mis,0,,0,2500,,100,,0,60,,,,,HIGH_EXPLOSIVE,0,,0,12,1,,0,0,0,0,,400,400,10,200,,,"SYSTEM, STRIKE, USE_VS_FRIGATES, DO_NOT_AIM, DO_NOT_CONSERVE",restricted,,,,饱和打击,较快,良好,,,,,,,,4.03
诱饵发射器 (战机型),jc_sf_flarelauncher_fighter,0,,0,200,,10,10,0,20,,,,,ENERGY,0,,0,1,1,,20,20,0,0,,200,100,5,500,,,"SYSTEM, PD, PD_ONLY",restricted,,幽灵部队,,热诱弹,,,,,,,,,,54.99
诱饵发射器 (追踪),jc_sf_flarelauncher_active,0,,0,500,,10,400,0,20,,,,,ENERGY,0,,0,1,1,,20,20,0,0,,400,100,7,1,,,"SYSTEM, PD, PD_ONLY, DO_NOT_AIM",restricted,,幽灵部队,,热诱弹,,,,,,,,,,54.98
支援飞弹,jc_sf_station_missile,0,,0,10000,,500,,25,0,,,,,HIGH_EXPLOSIVE,0,,0,1,1,,0,0,0,0,,400,400,120,300,,,SYSTEM,restricted,,幽灵部队,,空雷,,,,,,,,,,54.97
深红之兆,jc_sf_bloodmoon_main,0,,0,1000,1500,,,0,0,,,,,ENERGY,,720,3,2,3,32,,,,,5000,,,,,,,"SYSTEM, STRIKE, USE_VS_FRIGATES, FIRE_WHEN_INEFFICIENT",restricted,only,幽灵部队,,战略打击,,,,,开火时组合于对接口的炮艇会启动增压器为主炮充能，每艘协助充能的炮艇都会使造成的伤害提高{%s。,25%,射程额外提高{%s，不与其它射程增益叠加。,500,TRUE,55.01
聚能增压器,jc_sf_havoc_main,0,,0,1000,1,,,0,3,,,,,ENERGY,,0,2,2,4,2,,,,,500,,,,,,,SYSTEM,"restricted, lidar, fixed_range",,幽灵部队,,聚能,,,,,用于辅助母舰的主炮积聚能量，本身不具有杀伤力。,,,,TRUE,55.02
浩劫机炮,jc_sf_havoc_sub,0,,0,500,,40,,0,30,,,,,ENERGY,40,,0.25,0.25,1,,0,0,0,0,,1000,,,,,,SYSTEM,restricted,,幽灵部队,,普通,,,,,,,,,,55.03
撕咬速射炮,jc_sf_leech_turret,0,,0,400,,40,,0,90,,,,,ENERGY,40,,0,0.4,1,,0,0,0,0,,1000,,,,,,"SYSTEM, PD, PD_ALSO, ANTI_FTR",restricted,,幽灵部队,,反战机,,,,,命中敌方战机时视为具有{%s}倍穿甲强度。,5,射程内没有其它目标时会瞄准导弹。,,,55.04
标准机炮,jc_sf_fighter_sub,0,,0,400,,40,,0,30,,,,,ENERGY,40,,0,0.8,1,,0,0,0,0,,1000,,,,,,SYSTEM,restricted,,幽灵部队,,普通,,,,,,,,,,55.05
虫卵高能粒子生成器,jc_sf_motebomb,0,,0,1600,,250,,10,30,,5,,,ENERGY,0,,0,1,1,,0,0,0,0,,400,200,5,300,,,"SYSTEM, STRIKE",restricted,,幽灵部队,,打击,较快,很差,,,弹舱中的最后一发粒子团改为造成{%s}高爆伤害。,1000,,,TRUE,55.06
吸血鬼之牙,jc_sf_bat_main,0,,0,500,300,,,0,20,,,,,ENERGY,,300,0,0,2,4,,,,,1000,,,,,,,"SYSTEM, STRIKE, USE_VS_FRIGATES, FIRE_WHEN_INEFFICIENT",restricted,,幽灵部队,,普通,,,,,[{%s}-{%s}]：伤害降低{%s，范围降低{%s，阈值降低{%s。,融合 | 20% | 20% | 20% | 30%,,,,55.07
能量弹系统,jc_sf_sacrifice_wpn1,0,,0,4000,,80,,0,0,,,,,ENERGY,0,,0,1,1,,0,0,0,0,,500,,,300,,,SYSTEM,restricted,,幽灵部队,,系统,,,,,,,,,,55.08
灵魂弹系统,jc_sf_sacrifice_wpn2,0,,0,5000,,240,,0,0,,,,,ENERGY,0,,0,1,1,,0,0,0,0,,500,,,500,,,"SYSTEM, STRIKE, USE_VS_FRIGATES",restricted,,幽灵部队,,系统,,,,,,,,,,55.09
万灵之殁,jc_sf_ringwraith_main,0,,0,1000,1000,,,0,0,,,,,ENERGY,,600,2,1,5,22,,,,,1000,,,,,,,"SYSTEM, STRIKE, USE_VS_FRIGATES, FIRE_WHEN_INEFFICIENT",restricted,main_only,幽灵部队,,战略打击,,,,,"[{%s}-{%s}]：伤害提高{%s，范围提高{%s，阈值提高{%s。

触发的融合爆炸会使目标舰船附加时空混乱效果，期间时间流速降低{%s，效果不可叠加，至多持续{%s}秒，若船身离开了融合爆炸触发时的范围则效果会立即结束。",融合 | 25% | 100% | 50% | 100% | 20% | 10,射程额外提高{%s，不与其它射程增益叠加。,200,,55.11
曙光之肇,jc_sf_ringwraith_sub,0,,0,1000,,300,,0,360,,,,,ENERGY,100,,0,1,1,,0,0,0,0,,10000,,,,,360,"SYSTEM, PD, PD_ALSO",restricted,sub_only,幽灵部队,,通用,,,,,向周围至多{%s}个不同位置的目标施放时空电弧打击，每施放一次都会产生{%s}软幅能。会根据战场情况智能地选取目标，可以攻击导弹或战机。,3 | 200,,,,55.12
DML-47-暗物质束,jc_sf_shadowlord_laser_L,0,,0,900,500,,,0,0,,50,2,10,ENERGY,,500,0,0,0.1,0,,,,,10000,,,,,,,"SYSTEM, STRIKE, USE_VS_FRIGATES",restricted,,幽灵部队,,瘫痪,,,,,"持续激活{%s}秒后进入全功率状态。

全功率状态下命中目标时，若自身幅能水平高于目标，则每秒将{%s}软幅能转移至目标；

反之则依据双方幅能水平之差，概率产生穿透护盾的电弧，造成高额{EMP}伤害。",0.5 | 300,,,,55.13
DML-47-暗物质束,jc_sf_shadowlord_laser_R,0,,0,900,500,,,0,0,,50,2,10,ENERGY,,500,0,0,0.1,0,,,,,10000,,,,,,,"SYSTEM, STRIKE, USE_VS_FRIGATES",restricted,,幽灵部队,,瘫痪,,,,,"持续激活{%s}秒后进入全功率状态。

全功率状态下命中目标时，若自身幅能水平高于目标，则每秒将{%s}软幅能转移至目标；

反之则依据双方幅能水平之差，概率产生穿透护盾的电弧，造成高额{EMP}伤害。",0.5 | 300,,,,55.14
GPF-36-导向光子流,jc_sf_shadowlord_pulse_L,0,,0,1000,,200,,0,30,,,,,ENERGY,200,,0.5,3,6,0.1,0,0,0,0,,300,,,,,,"SYSTEM, DO_NOT_AIM",restricted,,幽灵部队,,通用,,优秀,,,当射弹消散时，若从未命中过任何目标，则排散等同于射弹伤害值的幅能。舰船自身与所有模块化护盾平分排散量。,,射弹拥有优秀的追踪能力，且不会击中友军。,,,55.15
GPF-36-导向光子流,jc_sf_shadowlord_pulse_R,0,,0,1000,,200,,0,30,,,,,ENERGY,200,,0.5,3,6,0.1,0,0,0,0,,300,,,,,,"SYSTEM, DO_NOT_AIM",restricted,,幽灵部队,,通用,,优秀,,,当射弹消散时，若从未命中过任何目标，则排散等同于射弹伤害值的幅能。舰船自身与所有模块化护盾平分排散量。,,射弹拥有优秀的追踪能力，且不会击中友军。,,,55.16
RSA-51-谐振奇点阵列,jc_sf_shadowlord_pd_L,0,,0,800,,200,,0,80,,,,,FRAGMENTATION,30,,0,1,1,,15,15,0,0,,300,,,,,,"SYSTEM, PD, ANTI_FTR",restricted,,幽灵部队,,区域防空,,,,,射弹会周期性地进行加减速运动。在接近目标时产生爆炸，造成范围伤害。,,,,,55.17
RSA-51-谐振奇点阵列,jc_sf_shadowlord_pd_R,0,,0,800,,200,,0,80,,,,,FRAGMENTATION,30,,0,1,1,,15,15,0,0,,300,,,,,,"SYSTEM, PD, ANTI_FTR",restricted,,幽灵部队,,区域防空,,,,,射弹会周期性地进行加减速运动。在接近目标时产生爆炸，造成范围伤害。,,,,,55.18
LLB-22-物质化操纵器,jc_sf_shadowlord_blade,0,,0,1000,327.2727,,,0,20,,,,,ENERGY,,640,0.25,0.25,3.5,4,,,,,10000,,,,,,,"SYSTEM, STRIKE, USE_VS_FRIGATES",restricted,,幽灵部队,,通用,,,,,命中时持续创造物质化刀锋对目标进行斩击，每次造成{%s}硬幅能能量伤害。,600,,,,55.19
TDM-07-因果稳定矛,jc_sf_shadowlord_missile,0,,0,3000,,2000,,1000,360,,1,0.05,1,ENERGY,1000,,0.5,9.5,1,,0,0,0,0,,500,0,8,1000,,,"SYSTEM, STRIKE, DIRECT_AIM",restricted,,幽灵部队,,终结打击,快,较差,,,"命中时会附着在目标护盾或船体上，至多持续{%s}秒。

附着于护盾时，使目标护盾展开和转向速度大幅降低，护盾维持幅能提高，且无法主动关闭护盾。

附着于船体时，将间歇性地产生电弧，每次造成{%s}高爆伤害。",5 | 200,,,TRUE,55.21
灾变-粒子轨道炮,jc_sf_asura_w1L,0,,0,800,,1000,,100,30,,,,,KINETIC,800,,1,1,1,,0,0,0,0,,1000,,,500,,,SYSTEM,"restricted, no_drop",jc_sf_asura_hand,幽灵部队,,反护盾,,,,,射弹会分裂为{%s}枚速度不同的小型粒子团，伤害平均分配。,10,,,,55.24
灾变-粒子轨道炮,jc_sf_asura_w1R,0,,0,800,,1000,,100,30,,,,,KINETIC,800,,1,1,1,,0,0,0,0,,1000,,,500,,,SYSTEM,"restricted, no_drop",jc_sf_asura_hand,幽灵部队,,反护盾,,,,,射弹会分裂为{%s}枚速度不同的小型粒子团，伤害平均分配。,10,,,,55.25
灾变-粒子,jc_sf_asura_w1_hint,0,,0,800,,100,,10,0,,,,,KINETIC,80,,1,1,1,,0,0,0,0,,1000,,,50,,,SYSTEM,restricted,,幽灵部队,,反护盾,,,,,,,,,,55.37
破败-等离子加农炮,jc_sf_asura_w2L,0,,0,700,,300,,10,30,,,,,ENERGY,300,,0.25,0.25,1,,0,0,0,0,,800,,,250,,,SYSTEM,"restricted, no_drop",jc_sf_asura_hand,幽灵部队,,普通,,,,,,,,,,55.26
破败-等离子加农炮,jc_sf_asura_w2R,0,,0,700,,300,,10,30,,,,,ENERGY,300,,0.25,0.25,1,,0,0,0,0,,800,,,250,,,SYSTEM,"restricted, no_drop",jc_sf_asura_hand,幽灵部队,,普通,,,,,,,,,,55.27
厄途-电浆霰弹炮,jc_sf_asura_w3L,0,,0,800,,120,,2,30,,,,,HIGH_EXPLOSIVE,80,,1,1,1,,0,0,0,0,,800,,,50,,10,SYSTEM,"restricted, no_drop",jc_sf_asura_hand,幽灵部队,,反装甲,,,,霰弹,,,,,,55.28
厄途-电浆霰弹炮,jc_sf_asura_w3R,0,,0,800,,120,,2,30,,,,,HIGH_EXPLOSIVE,80,,1,1,1,,0,0,0,0,,800,,,50,,10,SYSTEM,"restricted, no_drop",jc_sf_asura_hand,幽灵部队,,反装甲,,,,霰弹,,,,,,55.29
万劫之眼,jc_sf_asura_h,0,,0,500,300,,100,0,60,,,,,ENERGY,,200,0,0,0.5,0.5,,,,,10000,,,,,,,"SYSTEM, PD","restricted, no_drop",,幽灵部队,,点防御,,,,,,,,,,55.31
祸神之心 (高爆),jc_sf_asura_c1,0,,0,800,400,,,0,0,,,,,HIGH_EXPLOSIVE,,300,1,0.5,3.5,5,,,,,1000,,,,,,,SYSTEM,"restricted, no_drop",,幽灵部队,,反装甲,,,,,"[{%s}-{%s}]：造成{%s}伤害。

触发的融合爆炸会使目标附加{%s}秒扰乱效果，期间装甲和结构受到的伤害提高，且停机时爆炸的伤害和范围提高，效果不可叠加。",融合 | 20% | 高爆 | 5,,,,55.32
祸神之心 (能量),jc_sf_asura_c2,0,,0,800,400,,,0,0,,,,,ENERGY,,300,1,0.5,3.5,5,,,,,1000,,,,,,,SYSTEM,"restricted, no_drop",,幽灵部队,,普通,,,,,"[{%s}-{%s}]：造成{%s}伤害。

触发的融合爆炸会使目标附加{%s}秒扰乱效果，期间会间歇性地受到一定量的{EMP}伤害，效果不可叠加。",融合 | 20% | 能量 | 5,,,,55.33
祸神之心 (动能),jc_sf_asura_c3,0,,0,800,400,,,0,0,,,,,KINETIC,,300,1,0.5,3.5,5,,,,,1000,,,,,,,SYSTEM,"restricted, no_drop",,幽灵部队,,反护盾,,,,,"[{%s}-{%s}]：造成{%s}伤害。

触发的融合爆炸会使目标附加{%s}秒扰乱效果，期间会将自身的部分软幅能转换为等额的硬幅能，效果不可叠加。",融合 | 20% | 动能 | 5,,,,55.34
唤灵-集群导弹阵列,jc_sf_asura_b1,0,,0,1500,,100,,1,0,,120,1,12,FRAGMENTATION,,,0,4.85,24,0.05,0,0,0,0,,400,200,6,75,,,"SYSTEM, ANTI_FTR, DO_NOT_AIM, DO_NOT_CONSERVE","restricted, no_drop",,幽灵部队,,"压制, 反战机",较快,优秀,,,战术系统：在附近位置来回闪现并使用手部和背部武器发射弹幕，期间武器的射速提高、伤害降低、不会产生幅能。,,,,,55.35
风驰-强化机动系统,jc_sf_asura_b2,0,,0,1500,,1,,0,0,,,,,ENERGY,0,,0,1,1,,0,0,0,0,,1000,,,,,,SYSTEM,"restricted, no_drop, damage_special",,幽灵部队,,机动,,,,,战术系统：超载引擎核心加快自身的时间流动速率，若舰船进行横向移动则还会获得横向的航速和机动性加成。,,舰船最大航速提高{%s，机动性提高{%s。,15% | 50%,TRUE,55.36
灭尽-等离子剑刃,jc_sf_asura_b3,0,,0,1500,,1,,0,0,,,,,ENERGY,0,,0,1,1,,0,0,0,0,,1000,,,,,,SYSTEM,"restricted, no_drop, damage_special",,幽灵部队,,近战,,,,,战术系统：牵引悬浮剑刃环绕自身转动，期间提高航速和机动性、降低受到的伤害，并可利用旋转的剑刃对触及的目标造成伤害。,,战术系统未激活时悬挂的刀刃会使所有来自背后的伤害降低{%s。,40%,TRUE,55.38
魔眼追踪炮,jc_sf_asura_bm,0,,0,1000,,25,,1,0,,,,,ENERGY,,,0,0.25,1,,0,0,0,0,,800,,,,,30,"SYSTEM, GUIDED_POOR",restricted,,幽灵部队,,火力支援,,较差,,,[{%s}-{%s}]：仅能对已经处于融合状态的目标生效。,融合 | 3%,,,,55.39
烽火-联装发射阵列,jc_sf_emissile_station,0,,0,2500,,100,100,0,0,,,,,ENERGY,0,,0,4,1,,0,0,0,0,,300,150,15,75,,,"SYSTEM, DO_NOT_AIM, DO_NOT_CONSERVE, GROUP_LINKED",restricted,jc_sf_emissile,幽灵部队,,饱和打击,普通,良好,,,发射后随机延长至多{%s}秒的冷却时间。,4,,,,55.41
末日寓言,jc_rt,0,,0,2000,,6000,,500,5,,,,,ENERGY,0,,0,20,1,,0,0,0,0,,30,30,3000,3000,,,"SYSTEM, STRIKE, DANGEROUS, DO_NOT_AIM",restricted,,未知,,危机压迫,较慢/非常慢,优秀,,,敌人会将该导弹视为严重威胁，并试图全力进行回避或击落它。在飞行途中会施放电弧抹除附近的残骸和陨石。提高被锁定者的武器幅能消耗，该效果不可叠加。,,导弹越接近目标飞行速度越慢；坚固弹体几乎不可能被摧毁；有效飞行时间极长，但若附近没有目标则会在短时间内消散。,,TRUE,55.42
重圆之刻,jc_sf_fullmoon_main,0,,0,1000,1000,,,0,0,,,,,ENERGY,,600,2,1,5,22,,,,,1000,,,,,,,"SYSTEM, STRIKE, USE_VS_FRIGATES, FIRE_WHEN_INEFFICIENT",restricted,only,幽灵部队,,战略打击,,,,,[{%s}-{%s}]：伤害提高{%s，阈值提高{%s。,融合 | 10% | 50% | 50%,"射程额外提高{%s，不与其它射程增益叠加。

命中后使目标附加圆缺效果，效果至多持续{%s}秒且会在融合爆炸触发时移除。处于圆缺效果影响下的目标受到本舰的舰载机攻击时，攻击伤害提高{%s，刷新效果的持续时间；同时额外施加{%s}融合效果，每{%s}秒内仅能触发一次。",500 | 10 | 20% | 10% | 0.5,TRUE,55.43
霜刃,jc_sf_frostwind_ds,0,,0,2000,,1500,,200,0,,1,,,ENERGY,0,,0,1,1,,0,0,0,0,,300,0,10,100000,,,SYSTEM,"restricted, damage_special, damage_soft_flux",,幽灵部队,,终结者导弹,快,中等,,,DEM,,,,TRUE,55.44
霜刃-载荷,jc_sf_frostwind_ds_payload,0,,0,1000,3000,,,400,0,,,,,ENERGY,,0,0,0.75,0.25,1,,,,,1000000,,,,,,,"SYSTEM, DANGEROUS","restricted, fires_one_burst",,幽灵部队,,,,,,,,,,,,55.45
霜刃-预瞄,jc_sf_frostwind_ds_tl,0,,0,0,40,,,0,200,,,,,ENERGY,,0,0.05,0.05,,,,,,,1000000,,,,,,,SYSTEM,restricted,,幽灵部队,,,,,,,,,,,,55.46
霜刃机炮,jc_sf_fighter_sub_s,0,,0,500,,40,,0,30,,,,,ENERGY,40,,0,0.4,1,,0,0,0,0,,1000,,,,,,SYSTEM,restricted,,幽灵部队,,普通,,,,,,,,,,55.47
鹰身女妖导弹,jc_sf_harpy_mis,0,,0,2000,,200,,0,0,,,,,ENERGY,0,,0,12,1,,0,0,0,0,,400,100,6,200,,,"SYSTEM, STRIKE, USE_VS_FRIGATES, DO_NOT_AIM",restricted,,幽灵部队,,追击,较快,良好,,,,,,,,55.48
尖啸能量弹,jc_sf_ringwraith_rsw,0,,0,1000,,300,,100,0,,,,,ENERGY,0,,0,1,1,,0,0,0,0,,2000,,,,,,SYSTEM,restricted,,幽灵部队,,普通,,,,,,,,,,55.49
守望-整合PD系统,jc_sf_pdl_station,0,,0,800,1000,,,0,80,,,,,ENERGY,,0,0,0,0.2,0.1,,,,,1000000,,,,,,,"SYSTEM, PD, PD_ONLY, ANTI_FTR, IGNORES_FLARES",restricted,,幽灵部队,,点防御,,,,,对范围内的其它目标造成{%s}破片伤害。,100,仅攻击导弹和战机。,,,55.51
保卫者PD系统,jc_guardian_r,0,,0,750,1000,,,0,75,,20,1,,ENERGY,,300,0,0,0.2,0.1,,,,,1000000,,,,,,,"SYSTEM, PD, ANTI_FTR",restricted,,余辉,,点防御,,,,,当该武器的每一道光束都命中同一点附近时，会因剥离效应而对附近的其它目标造成最多{%s}的{%s。,100 | 破片伤害,,,,55.52
融合DEM载荷,jc_sf_fdem_payload,0,,0,700,500,,,0,30,,,,,ENERGY,,0,0.1,0.2,1.9,10,,,,,1000,,,,,,,"SYSTEM, DANGEROUS","restricted, fires_one_burst",,幽灵部队,,,,,,,,,,,,55.53
激光空雷载荷,jc_sf_lasermine_payload,0,,0,350,1500,,,0,30,,,,,ENERGY,,0,0,0,,,,,,,1000,,,,,,,"SYSTEM, DANGEROUS",restricted,,幽灵部队,,,,,,,,,,,,55.54
死亡蛰刺,jc_sf_scorpion_missile,0,,0,5000,,6000,,1000,0,,1,,,HIGH_EXPLOSIVE,0,,1,99,1,,0,0,0,0,,150,50,60,2000,,,"SYSTEM, STRIKE, DO_NOT_AIM, CONSERVE_1",restricted,only,幽灵部队,,战略打击,较慢,良好,,,"导弹会造成大范围爆炸伤害，并立即触发已被施加的融合效果。

每次触发爆炸时有{%s}基础概率在{%s}秒后再触发一次爆炸。每命中一个不同的目标，依据目标状态使触发概率提高{%s}~{%s}，若为战机则效果减半。相关状态包含：软硬幅能水平、是否过载或强制排幅、是否被融合效果影响。

每触发一次都会使下一次爆炸的触发概率和伤害减半。",50% | 2 | 50% | 200%,备弹量不受其它增益影响。,,TRUE,55.55
死亡蛰刺-标记,jc_sf_scorpion_missile_hint,0,,0,500,,3000,,0,0,,,,,HIGH_EXPLOSIVE,0,,0,10,1,,0,0,0,0,,0,0,60,2000,,,"SYSTEM, DANGEROUS, DO_NOT_AIM","restricted, damage_special",,幽灵部队,,标记,,,,,,,,,,55.56
空洞-标记,jc_sf_torpedo_hint,0,,0,500,,1500,,0,0,,,,,HIGH_EXPLOSIVE,0,,0,10,1,,0,0,0,0,,0,0,60,500,,,"SYSTEM, DANGEROUS, DO_NOT_AIM","restricted, damage_special",,幽灵部队,,标记,,,,,,,,,,55.57
突刺颚基,jc_sf_alien_main,0,,0,450,300,,,0,0,,,,,KINETIC,,233.3333,0.5,0.5,1,6,,,,,2000,,,,,,,"SYSTEM, STRIKE, USE_VS_FRIGATES",restricted,main_only,幽灵部队,,打击,,,,,命中时对目标施加远离光束方向的推力。首次命中时依据目标朝向光束方向的动量造成最多{%s}的硬幅能动能伤害，并额外施加一次更强的推力。,1000,不受光束射程增益效果影响，例如先进光学器件船插。,,,55.58
镰状螯足,jc_sf_alien_side,0,,0,1200,10,,,0,15,,,,,FRAGMENTATION,,10,0.1,0.1,,,,,,,5000,,,,,,,"SYSTEM, FIRE_WHEN_INEFFICIENT",restricted,side_only,幽灵部队,,牵引,,,,,命中时对目标施加朝向光束方向的牵引力。,,,,,55.59
魔王-打击弹幕,jc_sf_slsys_fa,0,,0,1000,,200,,0,0,,,,,ENERGY,0,,0,1,1,,0,0,0,0,,300,,,,,,"SYSTEM, DO_NOT_AIM",restricted,,幽灵部队,,通用,,优秀,,,,,射弹拥有优秀的追踪能力，且不会击中友军。,,,55.61
裂痕,jc_sf_shade_main,0,,0,600,200,,,0,360,,,,,ENERGY,,200,0,0,,,,,,,10000,,,,,,,"SYSTEM, PD, ANTI_FTR",restricted,,幽灵部队,,"通用, 点防御",,,,,"分散为至多{%s}道光束攻击不同的目标，分散后光束的装甲穿透力不变。

对导弹和战机造成硬幅能伤害，对舰船附加等量{EMP}伤害。",7,,,,55.62
支援弹幕,jc_sf_slboss_fire,0,,0,10000,,500,,100,0,,,,,ENERGY,0,,0,1,1,,0,0,0,0,,4000,,,,,,SYSTEM,restricted,,幽灵部队,,弹幕,,,,,,,,,,55.63
封锁光束,jc_sf_slboss_lock,0,,0,420,250,,,0,0,,,,,ENERGY,,0,0,0,,,,,,,1000,,,,,,,SYSTEM,restricted,,幽灵部队,,光束,,,,,,,,,,55.64
切割光束,jc_sf_slboss_cut,0,,0,10000,500,,,100,0,,,,,ENERGY,,0,0,0,,,,,,,4000,,,,,,,SYSTEM,restricted,,幽灵部队,,光束,,,,,,,,,,55.65
火控雷达,jc_sf_monument_radar,0,,0,1000,10,,,0,10,,,,,ENERGY,,10,0,0,,,,,,,1000000,,,,,,,"SYSTEM, FIRE_WHEN_INEFFICIENT, DANGEROUS","restricted, fixed_range",,幽灵部队,,目标定位,,,特殊,特殊,激活时向对应的模块化炮塔下达开火指令。,,该武器的射程、转向速度固定为对应的模块化炮塔武器射程的加权均值；当模块化炮塔有超过一定比例的武器可以越过友军射击时，该武器亦可越过友军。,,,55.66
群星挽歌,jc_sf_monument_missile,0,,0,2500,,6000,,1000,0,,7,,,HIGH_EXPLOSIVE,0,,1,9,1,,0,0,0,0,,200,0,10,2000,,,"SYSTEM, STRIKE, GUIDED_POOR",restricted,,幽灵部队,,反主力舰,较慢/快,特殊,,,,,仅在发射后短暂的姿态校准阶段拥有制导能力，校准完成后将大幅提高飞行速度。,,TRUE,55.67
,,,,,,,,,,,,,,,,,,,,,,,,,,,,,,,,,,,,,,,,,,,,,,,,
#Omega,,,,,,,,,,,,,,,,,,,,,,,,,,,,,,,,,,,,,,,,,,,,,,,,
裂隙爪牙,jc_rc_2,3,,500000,1000,666.6666,,,0,7,30,,,,ENERGY,,1333.3333,0.5,1,1,7.5,,,,,1000000,,,,,,,,"energy22, beam18, LR, jc_omega, restricted, no_sell, codex_unlockable",,未知,,范围打击,,,,,在命中时产生一连串的时空裂隙对目标进行斩击，每一处裂隙都会对附近目标造成约{%s}的能量伤害。,1000,,,,29.27
末日寓言,jc_rt_2,3,,500000,2000,,3000,,500,5,30,1,0.05,,ENERGY,1000,,0,1,1,,0,0,0,0,,30,30,3000,3000,,,"STRIKE, DANGEROUS, DO_NOT_AIM","utility22, missile18, jc_omega, restricted, no_sell, codex_unlockable",,未知,,危机压迫,较慢/非常慢,优秀,,,敌人会将该导弹视为严重威胁，并试图全力进行回避或击落它。在飞行途中会施放电弧抹除附近的残骸和陨石。,,"导弹越接近目标飞行速度越慢；坚固弹体几乎不可能被摧毁；有效飞行时间极长，但若附近没有目标则会在短时间内消散。

最多仅能同时存在一枚由该武器发射的导弹。",,TRUE,29.28
,,,,,,,,,,,,,,,,,,,,,,,,,,,,,,,,,,,,,,,,,,,,,,,,
#装饰,,,,,,,,,,,,,,,,,,,,,,,,,,,,,,,,,,,,,,,,,,,,,,,,
POD_AL,jc_pod_AL,,,,,,,,,0,,,,,,,,,,,,,,,,,,,,,,,SYSTEM,restricted,,,,,,,,,,,,,,1.01
POD_AR,jc_pod_AR,,,,,,,,,0,,,,,,,,,,,,,,,,,,,,,,,SYSTEM,restricted,,,,,,,,,,,,,,1.02
POD_M,jc_pod_M,,,,,,,,,0,,,,,,,,,,,,,,,,,,,,,,,SYSTEM,restricted,,,,,,,,,,,,,,1.03
组合装饰L,jc_sf_havoc_L,,,,,,,,,0,,,,,,,,,,,,,,,,,,,,,,,SYSTEM,restricted,,,,,,,,,,,,,,1.04
组合装饰R,jc_sf_havoc_R,,,,,,,,,0,,,,,,,,,,,,,,,,,,,,,,,SYSTEM,restricted,,,,,,,,,,,,,,1.05
怨灵-背景,jc_sf_ghost_bay_background,,,,,,,,,0,,,,,,,,,,,,,,,,,,,,,,,SYSTEM,restricted,,,,,,,,,,,,,,1.06
怨灵-灯光,jc_sf_ghost_bay_light,,,,,,,,,0,,,,,,,,,,,,,,,,,,,,,,,SYSTEM,restricted,,,,,,,,,,,,,,1.07
怨灵-默认,jc_sf_ghost_bay_base,,,,,,,,,0,,,,,,,,,,,,,,,,,,,,,,,SYSTEM,restricted,,,,,,,,,,,,,,1.08
虫群-背景,jc_sf_swarm_bay_background,,,,,,,,,0,,,,,,,,,,,,,,,,,,,,,,,SYSTEM,restricted,,,,,,,,,,,,,,1.09
虫群-灯光,jc_sf_swarm_bay_light,,,,,,,,,0,,,,,,,,,,,,,,,,,,,,,,,SYSTEM,restricted,,,,,,,,,,,,,,1.11
虫群-默认,jc_sf_swarm_bay_base,,,,,,,,,0,,,,,,,,,,,,,,,,,,,,,,,SYSTEM,restricted,,,,,,,,,,,,,,1.12
修罗-主体,jc_sf_asura_main,,,,,,,,,0,,,,,,,,,,,,,,,,,,,,,,,SYSTEM,restricted,,,,,,,,,,,,,,1.13
修罗-手臂,jc_sf_asura_arm,,,,,,,,,0,,,,,,,,,,,,,,,,,,,,,,,SYSTEM,restricted,,,,,,,,,,,,,,1.14
模块-甲板,jc_sf_module_side_bay,,,,,,,,,0,,,,,,,,,,,,,,,,,,,,,,,SYSTEM,restricted,,,,,,,,,,,,,,1.15
主体-灯光,jc_sf_station_light,,,,,,,,,0,,,,,,,,,,,,,,,,,,,,,,,SYSTEM,restricted,,,,,,,,,,,,,,1.16
月光廊桥,jc_sf_fullmoon_lidar,,,,0,100,,,0,0,,100,100,10,ENERGY,,0,0.2,0.2,0.35,0,,,,,1000000,,,,,,,SYSTEM,"lidar, restricted, fixed_range",,,,传送,,,,,,,,,,1.17
魔蝎-甲板,jc_sf_scorpion_bay,,,,,,,,,0,,,,,,,,,,,,,,,,,,,,,,,SYSTEM,restricted,,,,,,,,,,,,,,1.18
异型-左侧,jc_sf_alien_sideL,,,,0,1,,,,0,,,,,ENERGY,,0,0.1,0.1,,,,,,,1000000,,,,,,,SYSTEM,restricted,,,,,,,,,,,,,,1.19
异型-右侧,jc_sf_alien_sideR,,,,0,1,,,,0,,,,,ENERGY,,0,0.1,0.1,,,,,,,1000000,,,,,,,SYSTEM,restricted,,,,,,,,,,,,,,1.21
魔物-引擎,jc_sf_shade_engine,,,,,,,,,0,,,,,,,,,,,,,,,,,,,,,,,SYSTEM,restricted,,,,,,,,,,,,,,1.22
冥碑-甲板,jc_sf_monument_bay,,,,,,,,,0,,,,,,,,,,,,,,,,,,,,,,,SYSTEM,restricted,,,,,,,,,,,,,,1.23
冥碑-导弹舱盖L,jc_sf_monument_missile_cover_L,,,,,,,,,,,,,,,,,,,,,,,,,,,,,,,,,,,,,,,,,,,,,,,1.24
冥碑-导弹舱盖R,jc_sf_monument_missile_cover_R,,,,,,,,,,,,,,,,,,,,,,,,,,,,,,,,,,,,,,,,,,,,,,,1.25
冥碑-炮塔盖ML,jc_sf_monument_turret_4m_CL,,,,,,,,,,,,,,,,,,,,,,,,,,,,,,,,,,,,,,,,,,,,,,,1.26
冥碑-炮塔盖MR,jc_sf_monument_turret_4m_CR,,,,,,,,,,,,,,,,,,,,,,,,,,,,,,,,,,,,,,,,,,,,,,,1.27
冥碑-炮塔盖LL,jc_sf_monument_turret_2l_CL,,,,,,,,,,,,,,,,,,,,,,,,,,,,,,,,,,,,,,,,,,,,,,,1.28
冥碑-炮塔盖LR,jc_sf_monument_turret_2l_CR,,,,,,,,,,,,,,,,,,,,,,,,,,,,,,,,,,,,,,,,,,,,,,,1.29
